hour,de_demand
1,45486
2,43588
3,41811
4,40757
5,39988
6,39052
7,37302
8,37586
9,38240
10,40649
11,42894
12,45335
13,46286
14,45686
15,45312
16,45866
17,48899
18,53773
19,54668
20,53750
21,51276
22,49765
23,49157
24,45914
25,42526
26,40282
27,39623
28,39811
29,41111
30,43647
31,48770
32,54751
33,58714
34,61170
35,62828
36,64359
37,64611
38,63856
39,62748
40,61949
41,63371
42,66788
43,66641
44,64675
45,60728
46,57857
47,55726
48,51517
49,47568
50,45160
51,44392
52,44790
53,45856
54,48075
55,52214
56,57632
57,60834
58,62500
59,63736
60,65227
61,65331
62,63621
63,62233
64,61768
65,63372
66,66851
67,66745
68,64400
69,60535
70,57791
71,56150
72,52401
73,48162
74,45860
75,44570
76,44450
77,44816
78,44810
79,45266
80,48147
81,51522
82,55130
83,57453
84,59022
85,58857
86,57597
87,56415
88,56430
89,58724
90,62204
91,62410
92,60109
93,56121
94,53635
95,52600
96,49266
97,45615
98,42883
99,41518
100,41197
101,41429
102,41145
103,40357
104,42035
105,44757
106,48287
107,51415
108,54277
109,54325
110,52666
111,51048
112,50721
113,52782
114,57484
115,58970
116,57640
117,54888
118,53247
119,53082
120,49625
121,46638
122,44887
123,44168
124,44440
125,45634
126,48087
127,53115
128,58809
129,61610
130,62994
131,64752
132,66065
133,66158
134,65108
135,64078
136,63531
137,65057
138,68861
139,68984
140,67189
141,63404
142,60439
143,57997
144,53333
145,49502
146,47506
147,46648
148,47160
149,48818
150,52602
151,60868
152,68674
153,71033
154,70601
155,71044
156,71925
157,71439
158,70774
159,69483
160,69050
161,70110
162,74300
163,74355
164,72381
165,68099
166,64209
167,60837
168,55626
169,51708
170,49274
171,48234
172,48974
173,50471
174,54080
175,62580
176,70022
177,72222
178,71508
179,72068
180,73129
181,72320
182,71738
183,70481
184,69646
185,70736
186,74560
187,74363
188,72237
189,67798
190,64419
191,61166
192,56180
193,52192
194,49962
195,49093
196,49642
197,51294
198,54892
199,63338
200,70670
201,73079
202,72215
203,73157
204,74156
205,73370
206,72936
207,72074
208,71577
209,72686
210,75718
211,75158
212,72842
213,68389
214,65092
215,61741
216,56480
217,52633
218,50602
219,49787
220,50301
221,52166
222,55506
223,63242
224,70746
225,72931
226,71930
227,72319
228,73152
229,72808
230,71374
231,69765
232,68855
233,69803
234,73559
235,73052
236,70842
237,66392
238,63011
239,60856
240,56475
241,52939
242,50609
243,49342
244,49360
245,49297
246,48927
247,49398
248,53005
249,56583
250,59598
251,61868
252,63004
253,62215
254,60621
255,59346
256,58961
257,60273
258,64087
259,64271
260,62078
261,57994
262,55678
263,54599
264,51212
265,48113
266,45903
267,44872
268,44667
269,44658
270,44200
271,43465
272,45261
273,47936
274,51009
275,53433
276,56188
277,56167
278,53814
279,52211
280,51769
281,53572
282,59513
283,61589
284,60340
285,57716
286,56139
287,56161
288,53028
289,50017
290,48109
291,47550
292,47932
293,49714
294,53790
295,63454
296,71474
297,74199
298,74146
299,74516
300,75674
301,75048
302,74543
303,73556
304,72916
305,73101
306,76150
307,75617
308,73484
309,68985
310,65437
311,62550
312,57323
313,53529
314,51384
315,50377
316,50759
317,52330
318,55898
319,64504
320,72210
321,74468
322,73920
323,74514
324,75136
325,74529
326,73925
327,72974
328,72638
329,73057
330,76269
331,75786
332,73818
333,69463
334,65780
335,62542
336,57374
337,53620
338,51461
339,50471
340,51005
341,52548
342,55780
343,64175
344,71520
345,73453
346,72891
347,73259
348,74209
349,73777
350,73406
351,72616
352,72212
353,72789
354,76248
355,75873
356,73765
357,69375
358,65900
359,63101
360,58148
361,54402
362,52011
363,50948
364,51570
365,52996
366,56609
367,64871
368,72272
369,74484
370,74033
371,74808
372,75575
373,75128
374,74650
375,73836
376,73251
377,73732
378,76595
379,76000
380,73996
381,69650
382,66054
383,63050
384,57945
385,53740
386,51509
387,50567
388,50948
389,52506
390,55818
391,63869
392,71561
393,74262
394,74105
395,74590
396,74892
397,73546
398,72020
399,70613
400,69584
401,69875
402,73841
403,74030
404,71632
405,66996
406,63402
407,61118
408,57086
409,53267
410,50884
411,49480
412,49303
413,49315
414,49468
415,50195
416,53637
417,57629
418,60502
419,62306
420,63074
421,62104
422,59922
423,58102
424,57859
425,58984
426,64058
427,64773
428,62341
429,58158
430,55886
431,55160
432,51876
433,48439
434,46199
435,45022
436,44532
437,44629
438,44003
439,43468
440,45593
441,48991
442,52750
443,55647
444,58332
445,57944
446,55640
447,54005
448,53443
449,54764
450,59544
451,61276
452,59801
453,57093
454,55609
455,55723
456,52365
457,49441
458,47803
459,47070
460,47504
461,49346
462,53325
463,62675
464,70501
465,73016
466,74102
467,75155
468,76176
469,76041
470,75876
471,75157
472,74542
473,74299
474,76565
475,75961
476,73878
477,69238
478,65862
479,63047
480,58617
481,54931
482,52725
483,51684
484,51931
485,53367
486,56749
487,64921
488,72304
489,74951
490,74936
491,75928
492,76929
493,76337
494,75941
495,75190
496,74397
497,74227
498,76858
499,76512
500,74343
501,70094
502,66639
503,63654
504,59021
505,55168
506,52963
507,51986
508,52312
509,53738
510,57077
511,65187
512,72344
513,74830
514,74836
515,75571
516,76595
517,75786
518,75235
519,74252
520,73618
521,73524
522,76754
523,76891
524,74928
525,70313
526,66824
527,64162
528,59631
529,55798
530,53485
531,52600
532,52764
533,54074
534,57428
535,65400
536,72755
537,74737
538,74769
539,75499
540,76209
541,75733
542,75369
543,74667
544,74010
545,74014
546,76987
547,76963
548,75001
549,70711
550,67321
551,64584
552,59993
553,56300
554,54154
555,52963
556,53263
557,54424
558,57567
559,65489
560,72713
561,75397
562,75383
563,76233
564,76689
565,76027
566,74608
567,73112
568,72241
569,72176
570,75314
571,75311
572,72621
573,68478
574,65041
575,63084
576,59138
577,55985
578,53497
579,52021
580,51357
581,51310
582,50866
583,51344
584,54866
585,58518
586,61914
587,64004
588,64859
589,63964
590,62258
591,60652
592,60066
593,60506
594,64889
595,66300
596,64062
597,60168
598,57710
599,57353
600,54701
601,51939
602,49534
603,48026
604,47128
605,46669
606,45803
607,44822
608,46381
609,49747
610,53585
611,56557
612,59318
613,59092
614,57148
615,55663
616,55177
617,56032
618,61110
619,63508
620,62205
621,59638
622,58442
623,58874
624,55738
625,52538
626,50737
627,49776
628,49926
629,51416
630,55402
631,64623
632,71923
633,74223
634,74588
635,75327
636,75936
637,75302
638,74754
639,73631
640,72978
641,72430
642,75999
643,77002
644,75203
645,71013
646,67774
647,64980
648,60491
649,56779
650,54777
651,53641
652,53987
653,55146
654,58378
655,66476
656,73506
657,75066
658,74716
659,75113
660,75598
661,74902
662,74256
663,73287
664,72551
665,72222
666,76047
667,77581
668,75812
669,71512
670,68250
671,65246
672,61050
673,57631
674,55296
675,54186
676,54261
677,55355
678,58480
679,66675
680,73918
681,75986
682,75980
683,76726
684,77434
685,76833
686,76342
687,75298
688,74563
689,73979
690,77153
691,78269
692,76352
693,71980
694,68612
695,66118
696,61943
697,58221
698,56245
699,54963
700,54880
701,55862
702,58957
703,66759
704,73756
705,75485
706,75499
707,76226
708,76728
709,75968
710,75250
711,73940
712,73247
713,72706
714,76180
715,77775
716,76057
717,71821
718,68372
719,65575
720,61408
721,57870
722,55656
723,54374
724,54411
725,55408
726,58479
727,65922
728,72699
729,74658
730,74374
731,74755
732,74868
733,73816
734,72146
735,70399
736,69565
737,69337
738,73267
739,74973
740,72990
741,68665
742,65375
743,63472
744,59526
745,56130
746,53916
747,52331
748,51818
749,51390
750,51182
751,51657
752,55237
753,58712
754,61864
755,63925
756,64936
757,64051
758,62403
759,60621
760,59963
761,60282
762,63988
763,65661
764,63263
765,59134
766,56708
767,55961
768,52874
769,49553
770,46878
771,45486
772,45154
773,45313
774,44808
775,44098
776,46145
777,49560
778,53109
779,55761
780,58113
781,57382
782,55086
783,53614
784,52870
785,53328
786,57995
787,61961
788,60990
789,58361
790,57062
791,57257
792,53943
793,51142
794,49756
795,49172
796,49590
797,51093
798,54902
799,63473
800,70978
801,73490
802,73848
803,74675
804,75493
805,74997
806,74504
807,73500
808,72997
809,72294
810,75229
811,76688
812,74824
813,70416
814,66743
815,64008
816,59671
817,56210
818,54132
819,53235
820,53454
821,54654
822,57609
823,65457
824,72580
825,74328
826,74262
827,74876
828,75677
829,74735
830,74097
831,73001
832,71838
833,70870
834,73861
835,76551
836,74937
837,70552
838,67176
839,64160
840,59590
841,56167
842,53951
843,53079
844,53353
845,54695
846,57919
847,65883
848,72756
849,74413
850,74333
851,75201
852,75942
853,75055
854,74629
855,73476
856,72758
857,71967
858,74785
859,76817
860,75033
861,70611
862,67016
863,64432
864,59369
865,55768
866,53537
867,52446
868,52709
869,53910
870,57289
871,65452
872,72097
873,73477
874,73058
875,73611
876,74507
877,73628
878,72937
879,71673
880,70737
881,70201
882,73508
883,76031
884,74540
885,70107
886,66504
887,63283
888,58223
889,54514
890,52086
891,51014
892,51430
893,53204
894,56643
895,64422
896,71245
897,73276
898,73203
899,74105
900,75012
901,74137
902,72798
903,71448
904,70780
905,70546
906,72504
907,73930
908,71642
909,67537
910,63970
911,61437
912,57142
913,53419
914,51373
915,50340
916,50350
917,50612
918,50539
919,51168
920,54483
921,58258
922,61382
923,63185
924,64115
925,63210
926,61347
927,59538
928,59112
929,59249
930,62891
931,64914
932,62551
933,58267
934,55609
935,54683
936,51079
937,47558
938,45442
939,44406
940,44257
941,44526
942,44297
943,43889
944,45675
945,48960
946,52535
947,55344
948,58134
949,57573
950,55345
951,53743
952,53218
953,53366
954,57059
955,61295
956,60158
957,57652
958,56044
959,56143
960,52892
961,50154
962,48851
963,48406
964,49082
965,50704
966,54313
967,63307
968,70524
969,72687
970,73140
971,73958
972,74892
973,74281
974,73757
975,72571
976,71858
977,70985
978,73461
979,75714
980,74132
981,69674
982,66049
983,63012
984,57914
985,54056
986,51941
987,51079
988,51297
989,52837
990,56342
991,64787
992,71506
993,73474
994,73670
995,74676
996,75700
997,74962
998,74183
999,72588
1000,71446
1001,70543
1002,72674
1003,76019
1004,74572
1005,70460
1006,66981
1007,63987
1008,59018
1009,55443
1010,53307
1011,52387
1012,52657
1013,54061
1014,57525
1015,65487
1016,71721
1017,73171
1018,72978
1019,73757
1020,74793
1021,73904
1022,72875
1023,71483
1024,70319
1025,69233
1026,72047
1027,76092
1028,74565
1029,70120
1030,66512
1031,63781
1032,59075
1033,55272
1034,53034
1035,52131
1036,52439
1037,53873
1038,57415
1039,65438
1040,71437
1041,72520
1042,72764
1043,73709
1044,75065
1045,74776
1046,73947
1047,72987
1048,72844
1049,71994
1050,73929
1051,75539
1052,74065
1053,69527
1054,66069
1055,63208
1056,58511
1057,55154
1058,53203
1059,52283
1060,52745
1061,54229
1062,57236
1063,65269
1064,71344
1065,72843
1066,72591
1067,73160
1068,73743
1069,72524
1070,71320
1071,69710
1072,68792
1073,68403
1074,71122
1075,73867
1076,71695
1077,67524
1078,64315
1079,61873
1080,57327
1081,53095
1082,50713
1083,49473
1084,49027
1085,49099
1086,49262
1087,50527
1088,53682
1089,57417
1090,60868
1091,62722
1092,63735
1093,62613
1094,60485
1095,58991
1096,58245
1097,57891
1098,60664
1099,64108
1100,62044
1101,57955
1102,55329
1103,54251
1104,50913
1105,47489
1106,45081
1107,43879
1108,43823
1109,44310
1110,43948
1111,43444
1112,45155
1113,48702
1114,52614
1115,55387
1116,57935
1117,57106
1118,54840
1119,53044
1120,52134
1121,51827
1122,54611
1123,60189
1124,59768
1125,57057
1126,55578
1127,55531
1128,52367
1129,49324
1130,48114
1131,47774
1132,48634
1133,50232
1134,53874
1135,63186
1136,69732
1137,71500
1138,72006
1139,72637
1140,73172
1141,72640
1142,72057
1143,70923
1144,69636
1145,68162
1146,70130
1147,74192
1148,73075
1149,68839
1150,65106
1151,61965
1152,57262
1153,53796
1154,51898
1155,51399
1156,51912
1157,53325
1158,56640
1159,64889
1160,70970
1161,72808
1162,72934
1163,73613
1164,74434
1165,73578
1166,73124
1167,71786
1168,70810
1169,69544
1170,71415
1171,75139
1172,73833
1173,69383
1174,65751
1175,62429
1176,57498
1177,53820
1178,51703
1179,50679
1180,51276
1181,52782
1182,56326
1183,64580
1184,71134
1185,73134
1186,73483
1187,74455
1188,75428
1189,74630
1190,73963
1191,72642
1192,71659
1193,70414
1194,72038
1195,75281
1196,73910
1197,69514
1198,65646
1199,62759
1200,57581
1201,53585
1202,51517
1203,50451
1204,50917
1205,52337
1206,55860
1207,64229
1208,70395
1209,71974
1210,72098
1211,72579
1212,73153
1213,72098
1214,71616
1215,70598
1216,69728
1217,68756
1218,70690
1219,74621
1220,73391
1221,69263
1222,65347
1223,62266
1224,57357
1225,53100
1226,50829
1227,50019
1228,50404
1229,52244
1230,55506
1231,63914
1232,69856
1233,71882
1234,72437
1235,73287
1236,73955
1237,73080
1238,71764
1239,70167
1240,69078
1241,68028
1242,69151
1243,72581
1244,71209
1245,66677
1246,63133
1247,60979
1248,56700
1249,53113
1250,50907
1251,49595
1252,49525
1253,49757
1254,49701
1255,50511
1256,53301
1257,56747
1258,59813
1259,61530
1260,62656
1261,61488
1262,59412
1263,57504
1264,56696
1265,56123
1266,58563
1267,63016
1268,61349
1269,57409
1270,54723
1271,53709
1272,50050
1273,46874
1274,44538
1275,43471
1276,43339
1277,43562
1278,43424
1279,42718
1280,44130
1281,47812
1282,51296
1283,53711
1284,55926
1285,55003
1286,52481
1287,50245
1288,49214
1289,49171
1290,52342
1291,59157
1292,59319
1293,56646
1294,54806
1295,54676
1296,51318
1297,48391
1298,46975
1299,46490
1300,47305
1301,49364
1302,53765
1303,62853
1304,68542
1305,70491
1306,70682
1307,71180
1308,72062
1309,71288
1310,70405
1311,69064
1312,67787
1313,66147
1314,67570
1315,72940
1316,72687
1317,68557
1318,64824
1319,61097
1320,56233
1321,52775
1322,50678
1323,50128
1324,50735
1325,52646
1326,56228
1327,64617
1328,69868
1329,71374
1330,71334
1331,71859
1332,72567
1333,72038
1334,71242
1335,70117
1336,69346
1337,68376
1338,69793
1339,73843
1340,73060
1341,68700
1342,64670
1343,60873
1344,56282
1345,52551
1346,50447
1347,49589
1348,50141
1349,51950
1350,55699
1351,64108
1352,69785
1353,71724
1354,71746
1355,72407
1356,73140
1357,72423
1358,72030
1359,70572
1360,69529
1361,68208
1362,69418
1363,73521
1364,73128
1365,68807
1366,65118
1367,61728
1368,56843
1369,52977
1370,51001
1371,50269
1372,50984
1373,52499
1374,55957
1375,64075
1376,69548
1377,71560
1378,71789
1379,72407
1380,73012
1381,72111
1382,71097
1383,70005
1384,68885
1385,68073
1386,69365
1387,73055
1388,72561
1389,68322
1390,64991
1391,61703
1392,56859
1393,53332
1394,51286
1395,50560
1396,50823
1397,52509
1398,55543
1399,62979
1400,68398
1401,70702
1402,70925
1403,72048
1404,72487
1405,71440
1406,69704
1407,68433
1408,66995
1409,66112
1410,66956
1411,70770
1412,70108
1413,65808
1414,62345
1415,60023
1416,55748
1417,52014
1418,49724
1419,48553
1420,48250
1421,48711
1422,48720
1423,49464
1424,52042
1425,55927
1426,59080
1427,60593
1428,61310
1429,60113
1430,58378
1431,56484
1432,55659
1433,55472
1434,57414
1435,61803
1436,61028
1437,56982
1438,54392
1439,53390
1440,50280
1441,47094
1442,44771
1443,43502
1444,43306
1445,43673
1446,43390
1447,42735
1448,44229
1449,48102
1450,51658
1451,54033
1452,56126
1453,54970
1454,52539
1455,50290
1456,49403
1457,49484
1458,51848
1459,57655
1460,58385
1461,55870
1462,54510
1463,54738
1464,51546
1465,48619
1466,47010
1467,46266
1468,46777
1469,48348
1470,52229
1471,59320
1472,63931
1473,67003
1474,68239
1475,69249
1476,70431
1477,69773
1478,68952
1479,67104
1480,66084
1481,65049
1482,66136
1483,70021
1484,70102
1485,66143
1486,62880
1487,60127
1488,55747
1489,52440
1490,50431
1491,49502
1492,50063
1493,51678
1494,55003
1495,61832
1496,66596
1497,69350
1498,69998
1499,70928
1500,72044
1501,71113
1502,69596
1503,68123
1504,67035
1505,66347
1506,67604
1507,71460
1508,71784
1509,67678
1510,63927
1511,60852
1512,56161
1513,52773
1514,50632
1515,49797
1516,50340
1517,52137
1518,55716
1519,63367
1520,68369
1521,71087
1522,71677
1523,72317
1524,73350
1525,72834
1526,71636
1527,70347
1528,69499
1529,68197
1530,68622
1531,72389
1532,72956
1533,68547
1534,64841
1535,61842
1536,57123
1537,53322
1538,51306
1539,50728
1540,51318
1541,52852
1542,56333
1543,63748
1544,68728
1545,70990
1546,71163
1547,72022
1548,73139
1549,71986
1550,70951
1551,69263
1552,68094
1553,66653
1554,67189
1555,71592
1556,73057
1557,68616
1558,64873
1559,61559
1560,56904
1561,53409
1562,51462
1563,50753
1564,51342
1565,52808
1566,56273
1567,63574
1568,68425
1569,70648
1570,70886
1571,71398
1572,71719
1573,70375
1574,68908
1575,66991
1576,65631
1577,64782
1578,66155
1579,70356
1580,70667
1581,65798
1582,61717
1583,58777
1584,54315
1585,51137
1586,48678
1587,47386
1588,47253
1589,47754
1590,48208
1591,49062
1592,52220
1593,56161
1594,58626
1595,59718
1596,59909
1597,58340
1598,56102
1599,54119
1600,52961
1601,52595
1602,54216
1603,58872
1604,60125
1605,56386
1606,53657
1607,52589
1608,48886
1609,45339
1610,43131
1611,42226
1612,42075
1613,42635
1614,42662
1615,41863
1616,43571
1617,47312
1618,50264
1619,52136
1620,53690
1621,52455
1622,50056
1623,47974
1624,46558
1625,46572
1626,49129
1627,54960
1628,57796
1629,54995
1630,52847
1631,52115
1632,48616
1633,45858
1634,44381
1635,43855
1636,44669
1637,47083
1638,52120
1639,61250
1640,66373
1641,68671
1642,68815
1643,69540
1644,70583
1645,69816
1646,68918
1647,67607
1648,66592
1649,65176
1650,65788
1651,69851
1652,72104
1653,67531
1654,63214
1655,59531
1656,54578
1657,51184
1658,49391
1659,48741
1660,49480
1661,51356
1662,55423
1663,63111
1664,67991
1665,70217
1666,70276
1667,70851
1668,71832
1669,70812
1670,70137
1671,68633
1672,67476
1673,65910
1674,66588
1675,70413
1676,72702
1677,68317
1678,64166
1679,60310
1680,55306
1681,51673
1682,49770
1683,49080
1684,49880
1685,51682
1686,55489
1687,63110
1688,67926
1689,69947
1690,70053
1691,70656
1692,71541
1693,70579
1694,69895
1695,68319
1696,67014
1697,65396
1698,66128
1699,69697
1700,72159
1701,67970
1702,63835
1703,59980
1704,54850
1705,51375
1706,49420
1707,48697
1708,49683
1709,51592
1710,55392
1711,62808
1712,67657
1713,69615
1714,69705
1715,70492
1716,71266
1717,70501
1718,69848
1719,68217
1720,66779
1721,65317
1722,65746
1723,69427
1724,71653
1725,67473
1726,63398
1727,59560
1728,54790
1729,50997
1730,49100
1731,48503
1732,49209
1733,51118
1734,54890
1735,62266
1736,67364
1737,69740
1738,69811
1739,70546
1740,71076
1741,70087
1742,68474
1743,66450
1744,64844
1745,63692
1746,64422
1747,67531
1748,69582
1749,65274
1750,61486
1751,58424
1752,54030
1753,50125
1754,47951
1755,46626
1756,46565
1757,47142
1758,47496
1759,48901
1760,52127
1761,56370
1762,59820
1763,61502
1764,62394
1765,60957
1766,58980
1767,57164
1768,56463
1769,55885
1770,57186
1771,60568
1772,60984
1773,56877
1774,53950
1775,52554
1776,49211
1777,45541
1778,43448
1779,42528
1780,42373
1781,42640
1782,42509
1783,42198
1784,44397
1785,48266
1786,51768
1787,54226
1788,56754
1789,55856
1790,53547
1791,51519
1792,50557
1793,50344
1794,52179
1795,55947
1796,58583
1797,56016
1798,53949
1799,53250
1800,49658
1801,46803
1802,44844
1803,44327
1804,45055
1805,47213
1806,51883
1807,60746
1808,66309
1809,69243
1810,70135
1811,71341
1812,72569
1813,71865
1814,71351
1815,70099
1816,68781
1817,67093
1818,67388
1819,69862
1820,71762
1821,67417
1822,63372
1823,59649
1824,54639
1825,51099
1826,49109
1827,48137
1828,48818
1829,50697
1830,54734
1831,62264
1832,67262
1833,69694
1834,70226
1835,71665
1836,73053
1837,72185
1838,71792
1839,70883
1840,69899
1841,68446
1842,68901
1843,71180
1844,72402
1845,68042
1846,64083
1847,59938
1848,54758
1849,50764
1850,48853
1851,48007
1852,48426
1853,50325
1854,54400
1855,62393
1856,67753
1857,70498
1858,71076
1859,72211
1860,73419
1861,72282
1862,71350
1863,70041
1864,68797
1865,67232
1866,67152
1867,69470
1868,72190
1869,68118
1870,64055
1871,60341
1872,55115
1873,51258
1874,49028
1875,48188
1876,49007
1877,50876
1878,55076
1879,62239
1880,66955
1881,69243
1882,69310
1883,70123
1884,71166
1885,70182
1886,69476
1887,68003
1888,66662
1889,65274
1890,65107
1891,67993
1892,71546
1893,67272
1894,63149
1895,58946
1896,53728
1897,49999
1898,47884
1899,46840
1900,47141
1901,48849
1902,52912
1903,60306
1904,65679
1905,68295
1906,68766
1907,70188
1908,71428
1909,70830
1910,69658
1911,67746
1912,66617
1913,65235
1914,65564
1915,67287
1916,68965
1917,64476
1918,60617
1919,57271
1920,52903
1921,49105
1922,46781
1923,45791
1924,45860
1925,46361
1926,46818
1927,47667
1928,51242
1929,55342
1930,58455
1931,60158
1932,61048
1933,59843
1934,57925
1935,56102
1936,55577
1937,55227
1938,56576
1939,59119
1940,60325
1941,56497
1942,53528
1943,51807
1944,48270
1945,44554
1946,42286
1947,41421
1948,41269
1949,41613
1950,41611
1951,40711
1952,42986
1953,46850
1954,50348
1955,52901
1956,55344
1957,54425
1958,52216
1959,50572
1960,49699
1961,49487
1962,51336
1963,54864
1964,58079
1965,55762
1966,53609
1967,53002
1968,49669
1969,46810
1970,45266
1971,44863
1972,45714
1973,47603
1974,52132
1975,60240
1976,66189
1977,69017
1978,69653
1979,70940
1980,72272
1981,71529
1982,71160
1983,69899
1984,68695
1985,67113
1986,66958
1987,68847
1988,71830
1989,67864
1990,63843
1991,60213
1992,55452
1993,51888
1994,50085
1995,49308
1996,49842
1997,51520
1998,55234
1999,61821
2000,67302
2001,69786
2002,69885
2003,70819
2004,71815
2005,71248
2006,70742
2007,69438
2008,68264
2009,66981
2010,66904
2011,68722
2012,71841
2013,68079
2014,63927
2015,60392
2016,55717
2017,52162
2018,50289
2019,49695
2020,50391
2021,52037
2022,55733
2023,62171
2024,67354
2025,69535
2026,69816
2027,70560
2028,71801
2029,71040
2030,70317
2031,69184
2032,68091
2033,66541
2034,66567
2035,68611
2036,71992
2037,68229
2038,64225
2039,60683
2040,55652
2041,52068
2042,49968
2043,49286
2044,49863
2045,51550
2046,55491
2047,62014
2048,67033
2049,69331
2050,69602
2051,70570
2052,71669
2053,70778
2054,69819
2055,68267
2056,67056
2057,65561
2058,65985
2059,67685
2060,71503
2061,68078
2062,63756
2063,59886
2064,54931
2065,51221
2066,49084
2067,48331
2068,48968
2069,50859
2070,54700
2071,61047
2072,65997
2073,68563
2074,68801
2075,69679
2076,70355
2077,69364
2078,68134
2079,66397
2080,65152
2081,63888
2082,64018
2083,65373
2084,68196
2085,64569
2086,60382
2087,57212
2088,52812
2089,48929
2090,46935
2091,45735
2092,45809
2093,46257
2094,46761
2095,47129
2096,50940
2097,55126
2098,57889
2099,59049
2100,59324
2101,57985
2102,55641
2103,53405
2104,52028
2105,51411
2106,52556
2107,54888
2108,58218
2109,55190
2110,51945
2111,49890
2112,46191
2113,43075
2114,40923
2115,0
2116,40229
2117,40302
2118,40762
2119,40466
2120,40978
2121,44383
2122,48197
2123,50826
2124,52888
2125,52387
2126,50186
2127,48173
2128,46843
2129,46215
2130,47520
2131,49617
2132,51984
2133,54496
2134,52595
2135,51152
2136,47327
2137,44167
2138,42469
2139,41985
2140,42514
2141,44629
2142,49479
2143,59071
2144,65169
2145,68041
2146,68535
2147,69130
2148,70123
2149,69492
2150,68987
2151,67496
2152,66285
2153,64473
2154,63886
2155,64239
2156,65283
2157,66276
2158,62598
2159,58316
2160,53173
2161,49403
2162,47531
2163,46620
2164,47264
2165,48876
2166,53116
2167,61691
2168,66880
2169,68972
2170,69299
2171,70131
2172,71032
2173,70333
2174,69663
2175,68276
2176,67003
2177,65173
2178,64633
2179,64738
2180,65682
2181,66530
2182,62924
2183,58622
2184,53519
2185,49640
2186,47561
2187,46504
2188,46798
2189,48615
2190,52946
2191,61693
2192,66888
2193,68803
2194,68856
2195,69830
2196,70713
2197,69889
2198,69175
2199,67939
2200,66812
2201,65225
2202,64208
2203,64426
2204,65034
2205,66266
2206,62874
2207,58490
2208,52987
2209,49141
2210,47054
2211,46022
2212,46288
2213,48034
2214,52335
2215,61091
2216,66194
2217,68270
2218,68530
2219,69678
2220,71042
2221,70325
2222,69612
2223,68296
2224,67145
2225,65491
2226,64983
2227,64733
2228,65476
2229,66207
2230,62830
2231,58284
2232,53352
2233,49263
2234,47067
2235,45957
2236,46423
2237,48114
2238,52210
2239,60960
2240,66611
2241,69430
2242,70119
2243,70869
2244,71689
2245,70720
2246,69332
2247,67492
2248,66234
2249,64949
2250,64566
2251,64301
2252,64358
2253,64108
2254,60423
2255,56785
2256,52323
2257,48088
2258,45610
2259,44358
2260,44152
2261,44621
2262,45390
2263,47158
2264,50174
2265,54496
2266,57449
2267,59379
2268,60294
2269,59200
2270,57057
2271,54988
2272,54124
2273,53529
2274,53967
2275,54791
2276,54738
2277,55036
2278,52569
2279,50218
2280,46604
2281,42921
2282,40636
2283,39480
2284,39131
2285,39644
2286,39952
2287,40207
2288,41872
2289,45729
2290,49254
2291,51359
2292,53642
2293,52962
2294,50671
2295,49047
2296,47910
2297,47671
2298,48849
2299,50740
2300,52264
2301,54076
2302,52628
2303,51132
2304,47071
2305,43959
2306,42303
2307,41694
2308,42178
2309,44156
2310,49242
2311,59119
2312,64829
2313,67690
2314,68847
2315,70022
2316,71117
2317,70463
2318,69797
2319,68633
2320,67269
2321,65439
2322,64500
2323,64178
2324,64774
2325,65517
2326,62591
2327,57920
2328,52577
2329,49104
2330,47008
2331,45802
2332,45963
2333,47698
2334,52043
2335,61017
2336,66709
2337,69691
2338,70501
2339,72063
2340,72915
2341,71957
2342,71504
2343,70039
2344,68810
2345,67273
2346,66930
2347,66983
2348,66775
2349,66606
2350,63438
2351,59314
2352,54001
2353,50211
2354,48348
2355,47491
2356,48139
2357,49924
2358,54134
2359,62044
2360,67091
2361,69367
2362,70165
2363,71235
2364,72222
2365,71310
2366,70457
2367,69305
2368,68283
2369,66470
2370,66377
2371,66161
2372,66163
2373,66137
2374,63496
2375,59323
2376,54063
2377,50163
2378,47953
2379,46760
2380,47206
2381,48773
2382,53055
2383,61365
2384,66907
2385,69763
2386,70114
2387,71188
2388,72071
2389,70977
2390,69984
2391,68715
2392,67698
2393,66355
2394,65976
2395,65733
2396,65718
2397,65432
2398,62686
2399,58329
2400,53214
2401,49611
2402,47515
2403,46376
2404,46858
2405,48569
2406,52934
2407,60701
2408,66274
2409,68935
2410,69638
2411,70606
2412,71386
2413,70512
2414,68690
2415,66871
2416,65434
2417,64025
2418,63648
2419,63463
2420,63099
2421,63013
2422,60559
2423,56761
2424,52346
2425,48296
2426,45778
2427,44549
2428,44681
2429,45070
2430,45911
2431,47050
2432,50252
2433,54514
2434,57532
2435,59215
2436,59549
2437,58307
2438,56065
2439,54305
2440,52986
2441,52375
2442,52642
2443,53568
2444,53729
2445,54146
2446,52135
2447,49692
2448,46107
2449,42519
2450,40297
2451,39115
2452,38812
2453,39038
2454,39575
2455,39756
2456,41602
2457,45640
2458,48993
2459,51365
2460,53914
2461,53172
2462,50913
2463,49104
2464,48157
2465,47585
2466,48827
2467,50324
2468,50942
2469,52292
2470,52287
2471,51603
2472,48056
2473,44821
2474,43221
2475,42689
2476,43360
2477,45601
2478,50213
2479,58347
2480,64806
2481,68700
2482,70228
2483,71536
2484,72828
2485,72057
2486,70785
2487,69695
2488,68530
2489,66891
2490,66426
2491,66018
2492,65966
2493,65622
2494,63536
2495,59592
2496,54896
2497,51167
2498,48938
2499,48254
2500,48702
2501,50194
2502,53765
2503,60289
2504,65715
2505,69092
2506,70315
2507,72034
2508,73128
2509,72159
2510,71061
2511,69856
2512,68959
2513,67337
2514,66742
2515,66234
2516,65799
2517,65523
2518,63663
2519,59935
2520,55061
2521,51324
2522,49366
2523,48566
2524,49307
2525,51000
2526,54603
2527,60396
2528,65871
2529,68938
2530,69707
2531,70792
2532,71703
2533,70656
2534,69705
2535,68109
2536,66846
2537,64947
2538,64286
2539,64093
2540,64197
2541,64543
2542,63483
2543,59772
2544,54698
2545,51189
2546,49174
2547,48155
2548,48680
2549,50397
2550,54123
2551,59901
2552,65321
2553,68185
2554,68937
2555,70194
2556,71137
2557,70277
2558,68925
2559,67192
2560,65487
2561,63760
2562,62940
2563,62568
2564,62307
2565,62227
2566,59996
2567,56381
2568,51705
2569,47867
2570,45342
2571,43822
2572,43148
2573,43206
2574,42905
2575,41724
2576,43364
2577,46834
2578,50205
2579,52646
2580,55216
2581,54827
2582,52459
2583,50751
2584,49436
2585,48713
2586,49565
2587,50540
2588,50412
2589,51059
2590,50728
2591,49214
2592,45856
2593,42651
2594,40763
2595,39858
2596,39963
2597,40660
2598,41546
2599,42208
2600,45268
2601,49537
2602,52628
2603,54233
2604,55016
2605,54414
2606,53069
2607,51677
2608,50747
2609,49790
2610,50422
2611,51177
2612,50844
2613,50552
2614,50013
2615,48339
2616,44730
2617,40958
2618,38466
2619,37139
2620,36577
2621,37096
2622,37420
2623,36932
2624,39290
2625,43332
2626,46234
2627,48212
2628,49925
2629,48423
2630,46003
2631,44097
2632,42672
2633,42134
2634,43057
2635,44285
2636,44619
2637,45816
2638,46571
2639,45249
2640,41947
2641,38663
2642,36845
2643,35738
2644,35609
2645,36357
2646,37237
2647,36823
2648,38590
2649,42320
2650,45749
2651,48020
2652,50270
2653,49970
2654,47854
2655,46612
2656,45538
2657,44865
2658,46153
2659,47787
2660,48565
2661,49515
2662,49767
2663,48606
2664,45069
2665,41679
2666,40402
2667,39559
2668,40182
2669,42224
2670,47052
2671,54723
2672,61526
2673,65513
2674,67273
2675,68830
2676,70099
2677,69732
2678,68843
2679,67614
2680,66243
2681,64218
2682,63593
2683,63446
2684,63053
2685,62542
2686,61485
2687,57335
2688,52242
2689,48648
2690,46384
2691,45473
2692,45885
2693,47552
2694,51520
2695,57922
2696,63504
2697,66879
2698,67933
2699,69230
2700,70646
2701,70091
2702,69148
2703,67978
2704,66375
2705,64578
2706,64271
2707,63825
2708,63618
2709,62976
2710,61895
2711,57944
2712,52845
2713,48850
2714,46788
2715,45830
2716,45910
2717,47497
2718,51418
2719,57869
2720,63805
2721,67045
2722,68401
2723,69849
2724,71374
2725,70495
2726,69617
2727,68140
2728,66644
2729,64928
2730,64117
2731,63732
2732,63408
2733,62715
2734,61801
2735,57704
2736,52789
2737,48898
2738,46901
2739,45704
2740,45868
2741,47480
2742,51192
2743,57362
2744,63297
2745,66774
2746,68007
2747,69607
2748,70737
2749,69787
2750,67932
2751,66272
2752,64909
2753,63454
2754,62763
2755,62102
2756,61535
2757,60667
2758,59649
2759,56136
2760,51801
2761,47880
2762,45517
2763,44017
2764,43700
2765,43909
2766,44674
2767,46051
2768,49630
2769,53800
2770,56778
2771,58389
2772,59191
2773,57946
2774,55943
2775,54122
2776,53171
2777,52429
2778,53207
2779,53976
2780,53569
2781,52760
2782,51769
2783,49539
2784,46040
2785,42729
2786,40547
2787,39200
2788,38518
2789,38817
2790,39212
2791,39238
2792,41294
2793,45229
2794,48447
2795,51501
2796,54275
2797,53859
2798,51448
2799,49798
2800,48721
2801,48510
2802,50056
2803,51652
2804,51779
2805,51987
2806,52146
2807,51039
2808,47281
2809,44193
2810,42793
2811,42386
2812,42829
2813,44700
2814,49332
2815,57870
2816,64429
2817,68099
2818,69042
2819,70486
2820,71661
2821,70981
2822,70339
2823,68998
2824,67840
2825,65948
2826,65493
2827,65216
2828,64850
2829,63489
2830,61872
2831,57723
2832,52588
2833,48812
2834,46781
2835,45759
2836,46232
2837,47731
2838,51674
2839,59453
2840,65649
2841,68649
2842,69363
2843,70505
2844,71530
2845,70731
2846,69970
2847,68665
2848,67720
2849,65959
2850,65294
2851,64933
2852,64735
2853,63603
2854,62445
2855,58394
2856,53119
2857,49054
2858,46976
2859,45770
2860,45964
2861,47558
2862,51383
2863,58841
2864,64920
2865,67927
2866,68461
2867,69664
2868,70108
2869,69591
2870,68868
2871,67370
2872,66080
2873,64291
2874,63542
2875,62668
2876,62017
2877,60540
2878,59203
2879,55298
2880,50534
2881,47000
2882,44462
2883,42735
2884,42029
2885,41734
2886,40627
2887,39084
2888,41157
2889,44644
2890,47787
2891,49800
2892,51697
2893,51225
2894,49307
2895,47689
2896,46937
2897,46492
2898,47394
2899,48982
2900,49330
2901,49411
2902,49633
2903,47946
2904,44148
2905,40954
2906,39142
2907,38290
2908,38401
2909,39980
2910,43790
2911,50044
2912,55537
2913,59549
2914,61739
2915,63342
2916,64549
2917,64125
2918,62790
2919,61204
2920,60293
2921,59611
2922,59630
2923,59696
2924,59254
2925,57853
2926,56526
2927,53785
2928,49394
2929,45530
2930,43269
2931,42129
2932,42400
2933,43121
2934,43688
2935,44685
2936,48137
2937,52441
2938,55493
2939,57060
2940,57932
2941,56765
2942,54683
2943,53108
2944,52237
2945,51572
2946,52393
2947,53142
2948,52717
2949,51398
2950,51292
2951,49842
2952,46345
2953,42969
2954,40546
2955,38993
2956,38976
2957,39395
2958,39410
2959,38988
2960,41108
2961,44689
2962,47803
2963,50337
2964,52678
2965,52101
2966,50138
2967,48287
2968,47091
2969,46888
2970,48100
2971,50112
2972,50618
2973,50556
2974,51528
2975,50678
2976,46936
2977,43946
2978,42357
2979,41774
2980,42399
2981,44417
2982,48728
2983,56911
2984,63411
2985,66783
2986,67651
2987,69002
2988,70118
2989,69600
2990,68829
2991,67458
2992,66033
2993,64058
2994,63349
2995,63018
2996,62787
2997,61519
2998,61271
2999,57320
3000,52198
3001,48448
3002,46620
3003,45619
3004,46138
3005,47715
3006,51263
3007,58290
3008,64182
3009,67163
3010,67928
3011,68986
3012,70500
3013,70166
3014,69741
3015,68516
3016,67236
3017,65434
3018,65089
3019,64769
3020,64449
3021,62462
3022,61423
3023,57282
3024,52185
3025,48401
3026,46377
3027,45480
3028,45815
3029,47332
3030,51097
3031,59166
3032,65363
3033,68719
3034,69702
3035,70800
3036,72029
3037,71144
3038,70267
3039,68709
3040,67510
3041,66155
3042,65556
3043,65043
3044,64325
3045,62488
3046,61748
3047,57814
3048,52603
3049,48724
3050,46833
3051,46059
3052,46492
3053,48187
3054,51510
3055,58855
3056,65214
3057,68266
3058,69016
3059,70345
3060,71868
3061,70869
3062,70032
3063,68928
3064,68061
3065,66825
3066,66200
3067,65820
3068,65422
3069,63677
3070,62178
3071,58153
3072,53067
3073,49259
3074,47330
3075,46306
3076,46708
3077,48215
3078,51873
3079,59577
3080,65846
3081,68936
3082,69480
3083,70321
3084,71332
3085,70483
3086,69100
3087,67603
3088,66183
3089,65128
3090,64650
3091,64147
3092,63050
3093,60607
3094,59446
3095,56353
3096,51854
3097,47831
3098,45350
3099,44181
3100,44023
3101,44514
3102,44500
3103,45541
3104,49104
3105,53615
3106,56551
3107,58409
3108,59358
3109,58303
3110,56231
3111,54681
3112,53915
3113,53454
3114,53966
3115,54681
3116,54158
3117,52468
3118,51435
3119,49538
3120,45823
3121,42640
3122,40300
3123,38984
3124,38453
3125,38940
3126,38895
3127,38987
3128,41637
3129,45698
3130,48963
3131,51150
3132,53938
3133,53383
3134,51511
3135,49784
3136,48544
3137,47597
3138,48769
3139,50226
3140,50498
3141,50248
3142,51353
3143,51082
3144,47222
3145,44130
3146,42331
3147,41877
3148,42571
3149,44826
3150,48625
3151,57255
3152,64140
3153,67795
3154,69048
3155,70529
3156,71751
3157,71022
3158,70232
3159,69235
3160,68607
3161,66428
3162,65709
3163,65154
3164,64515
3165,62461
3166,61426
3167,57929
3168,52691
3169,49017
3170,47130
3171,46029
3172,46505
3173,48125
3174,51629
3175,59164
3176,65432
3177,68359
3178,69171
3179,70402
3180,71562
3181,70937
3182,70460
3183,69433
3184,68427
3185,66626
3186,66019
3187,65366
3188,64571
3189,62485
3190,61768
3191,58531
3192,53380
3193,49629
3194,47526
3195,46411
3196,46987
3197,48840
3198,52332
3199,59716
3200,65603
3201,68372
3202,69214
3203,70663
3204,72038
3205,71259
3206,70377
3207,69205
3208,67961
3209,66273
3210,65826
3211,65410
3212,64500
3213,62532
3214,61609
3215,58563
3216,53291
3217,49513
3218,47405
3219,46465
3220,46973
3221,48562
3222,51821
3223,59324
3224,65514
3225,68077
3226,68872
3227,70441
3228,71646
3229,70386
3230,69871
3231,68720
3232,67498
3233,65881
3234,65457
3235,65136
3236,64542
3237,62522
3238,61616
3239,58610
3240,53461
3241,49518
3242,47331
3243,46162
3244,46706
3245,48484
3246,51685
3247,58929
3248,64971
3249,68044
3250,68698
3251,69732
3252,70572
3253,69645
3254,68052
3255,66341
3256,64869
3257,63326
3258,62655
3259,62304
3260,61674
3261,59336
3262,58444
3263,56091
3264,51461
3265,47553
3266,45134
3267,43822
3268,43742
3269,44142
3270,44319
3271,45843
3272,49558
3273,53817
3274,57098
3275,58758
3276,59408
3277,57853
3278,55703
3279,53546
3280,52549
3281,51743
3282,52450
3283,52954
3284,52376
3285,50372
3286,49915
3287,49110
3288,45636
3289,42019
3290,39766
3291,38599
3292,38250
3293,38664
3294,38235
3295,38265
3296,40854
3297,45031
3298,48461
3299,50870
3300,53206
3301,52530
3302,50123
3303,48520
3304,47811
3305,47469
3306,48712
3307,49933
3308,50350
3309,49688
3310,50286
3311,50200
3312,46396
3313,43236
3314,41744
3315,41112
3316,41592
3317,43518
3318,47438
3319,56279
3320,63071
3321,66683
3322,67820
3323,69276
3324,70473
3325,70026
3326,69437
3327,68148
3328,66900
3329,65075
3330,64327
3331,63595
3332,62972
3333,60775
3334,59834
3335,57072
3336,51774
3337,48168
3338,46201
3339,45178
3340,45383
3341,46706
3342,50002
3343,58123
3344,64558
3345,67967
3346,68766
3347,70007
3348,71500
3349,70651
3350,69977
3351,68933
3352,67654
3353,65909
3354,65131
3355,64339
3356,63373
3357,61158
3358,60284
3359,57126
3360,51910
3361,48138
3362,46301
3363,45235
3364,45386
3365,46549
3366,49706
3367,57954
3368,64640
3369,68039
3370,68946
3371,70582
3372,71970
3373,71288
3374,70361
3375,69303
3376,67744
3377,66026
3378,65519
3379,64834
3380,63896
3381,61475
3382,60576
3383,57703
3384,52723
3385,49370
3386,47438
3387,46091
3388,46186
3389,47171
3390,50045
3391,57993
3392,64466
3393,67719
3394,68656
3395,70288
3396,71702
3397,70637
3398,70032
3399,69076
3400,67950
3401,66459
3402,66338
3403,65627
3404,64508
3405,62197
3406,60757
3407,57203
3408,52305
3409,48861
3410,46967
3411,45857
3412,45917
3413,46906
3414,49876
3415,57723
3416,64519
3417,68209
3418,69053
3419,70413
3420,71587
3421,70869
3422,69364
3423,67312
3424,65660
3425,64253
3426,63597
3427,62795
3428,61423
3429,58842
3430,57361
3431,55186
3432,50967
3433,47211
3434,44932
3435,43391
3436,43055
3437,43067
3438,42957
3439,45088
3440,49507
3441,54279
3442,57478
3443,58958
3444,59567
3445,57707
3446,55844
3447,54115
3448,53110
3449,52289
3450,52435
3451,52523
3452,51673
3453,49659
3454,48901
3455,47982
3456,44858
3457,41486
3458,39329
3459,38188
3460,37554
3461,37557
3462,37226
3463,38161
3464,41003
3465,44878
3466,47803
3467,49749
3468,51655
3469,51301
3470,49211
3471,47626
3472,46399
3473,45871
3474,46922
3475,48571
3476,49162
3477,48888
3478,49401
3479,49955
3480,46353
3481,43633
3482,42179
3483,41305
3484,41515
3485,42942
3486,46437
3487,55575
3488,62697
3489,66246
3490,67491
3491,69507
3492,71116
3493,70511
3494,70081
3495,68845
3496,67669
3497,66376
3498,65933
3499,65378
3500,64464
3501,61894
3502,60051
3503,56937
3504,51961
3505,48423
3506,46457
3507,45286
3508,45398
3509,46621
3510,49783
3511,57793
3512,64206
3513,67757
3514,68977
3515,70678
3516,72121
3517,71289
3518,70699
3519,69531
3520,68475
3521,67153
3522,66900
3523,66390
3524,65317
3525,62936
3526,60906
3527,57333
3528,52505
3529,49041
3530,46924
3531,45900
3532,45987
3533,47187
3534,50370
3535,58533
3536,64990
3537,68330
3538,69198
3539,70400
3540,71777
3541,70758
3542,69889
3543,68519
3544,67358
3545,65482
3546,64664
3547,63906
3548,62968
3549,60161
3550,57929
3551,55143
3552,50645
3553,47048
3554,44480
3555,43137
3556,42809
3557,42739
3558,41335
3559,40975
3560,43548
3561,47066
3562,49747
3563,51915
3564,53905
3565,53309
3566,51194
3567,49592
3568,48277
3569,47856
3570,48635
3571,49436
3572,49567
3573,49109
3574,48701
3575,48291
3576,44881
3577,41933
3578,40194
3579,39318
3580,39375
3581,40363
3582,42654
3583,48460
3584,54161
3585,58010
3586,59781
3587,61162
3588,62328
3589,61857
3590,60400
3591,58872
3592,57657
3593,56606
3594,56721
3595,56775
3596,55925
3597,53710
3598,52296
3599,51563
3600,47577
3601,44000
3602,41637
3603,40488
3604,40105
3605,40539
3606,40601
3607,42725
3608,46429
3609,50819
3610,54021
3611,55718
3612,56236
3613,55306
3614,53340
3615,51851
3616,50554
3617,49998
3618,50498
3619,50897
3620,50252
3621,48318
3622,47505
3623,47283
3624,44271
3625,41042
3626,38644
3627,37372
3628,36889
3629,36961
3630,36332
3631,37017
3632,39547
3633,43147
3634,46245
3635,48394
3636,50845
3637,50512
3638,48493
3639,46793
3640,45927
3641,45688
3642,46758
3643,48255
3644,48774
3645,48383
3646,48407
3647,49174
3648,45545
3649,42588
3650,40936
3651,40088
3652,40456
3653,42298
3654,46025
3655,55189
3656,62169
3657,65904
3658,66931
3659,68530
3660,69910
3661,69410
3662,68814
3663,67463
3664,66039
3665,64305
3666,63766
3667,63415
3668,62707
3669,60277
3670,58450
3671,56333
3672,51367
3673,47592
3674,45645
3675,44803
3676,45042
3677,46182
3678,48975
3679,57073
3680,63448
3681,66756
3682,67754
3683,69103
3684,70495
3685,69843
3686,69260
3687,67837
3688,66687
3689,65246
3690,64893
3691,64289
3692,63578
3693,61191
3694,59039
3695,56498
3696,51587
3697,47887
3698,46043
3699,44900
3700,45266
3701,46402
3702,49310
3703,57432
3704,63725
3705,67044
3706,67823
3707,69439
3708,70667
3709,70142
3710,69487
3711,68384
3712,67545
3713,66027
3714,65628
3715,65405
3716,64410
3717,61749
3718,59752
3719,56879
3720,51852
3721,48379
3722,46397
3723,45394
3724,45462
3725,46438
3726,49440
3727,57446
3728,63688
3729,66976
3730,67941
3731,69451
3732,71071
3733,70210
3734,69489
3735,68192
3736,66943
3737,65420
3738,64737
3739,63994
3740,62852
3741,60507
3742,58556
3743,56652
3744,51802
3745,47965
3746,45969
3747,44991
3748,45230
3749,46409
3750,49104
3751,56965
3752,63421
3753,66661
3754,67638
3755,69013
3756,70157
3757,69098
3758,67704
3759,66039
3760,64580
3761,63124
3762,62474
3763,61430
3764,60242
3765,57662
3766,55781
3767,54525
3768,50463
3769,46646
3770,44109
3771,42777
3772,42203
3773,42077
3774,41559
3775,44096
3776,48280
3777,52896
3778,56042
3779,57836
3780,58237
3781,56943
3782,54891
3783,53162
3784,52452
3785,51846
3786,51876
3787,51728
3788,50844
3789,48684
3790,47488
3791,47363
3792,44342
3793,40795
3794,38481
3795,36795
3796,36035
3797,35576
3798,34801
3799,35945
3800,38998
3801,43216
3802,46047
3803,47967
3804,49707
3805,48877
3806,47009
3807,45830
3808,44974
3809,44609
3810,45194
3811,46164
3812,46039
3813,45173
3814,44874
3815,45439
3816,42727
3817,39795
3818,37846
3819,36671
3820,36182
3821,36069
3822,35862
3823,37086
3824,40083
3825,43992
3826,47051
3827,49214
3828,50991
3829,50531
3830,48944
3831,47690
3832,47282
3833,47167
3834,48252
3835,49365
3836,49413
3837,48772
3838,48124
3839,48499
3840,45213
3841,42348
3842,40592
3843,39865
3844,40027
3845,41298
3846,44665
3847,53961
3848,61662
3849,66038
3850,68030
3851,70141
3852,71864
3853,71227
3854,70739
3855,69880
3856,68762
3857,67003
3858,66219
3859,65247
3860,63856
3861,61102
3862,58780
3863,56538
3864,52068
3865,49095
3866,47027
3867,45868
3868,46032
3869,46618
3870,49324
3871,57303
3872,64042
3873,67767
3874,69044
3875,70935
3876,72496
3877,71755
3878,70814
3879,69658
3880,68392
3881,66502
3882,65315
3883,64447
3884,63253
3885,60411
3886,58230
3887,56546
3888,52087
3889,48755
3890,46688
3891,45278
3892,45376
3893,46027
3894,48691
3895,56245
3896,62491
3897,65928
3898,67070
3899,69059
3900,70481
3901,70108
3902,69297
3903,68451
3904,67493
3905,65737
3906,64900
3907,63966
3908,62940
3909,60399
3910,58309
3911,56859
3912,53060
3913,49202
3914,46579
3915,45380
3916,45417
3917,46222
3918,48695
3919,56341
3920,62515
3921,65951
3922,67497
3923,69240
3924,70385
3925,69436
3926,68256
3927,66582
3928,65114
3929,64011
3930,63491
3931,62705
3932,60913
3933,58289
3934,55880
3935,54291
3936,50806
3937,47427
3938,44923
3939,43126
3940,42506
3941,42228
3942,41909
3943,44300
3944,48169
3945,52402
3946,55629
3947,57596
3948,57923
3949,56506
3950,54345
3951,52571
3952,51487
3953,51206
3954,51725
3955,51779
3956,50710
3957,48535
3958,46982
3959,46744
3960,44148
3961,41419
3962,39212
3963,37584
3964,36608
3965,36346
3966,35641
3967,36625
3968,39160
3969,42860
3970,45950
3971,48432
3972,50612
3973,50147
3974,48093
3975,46352
3976,45521
3977,45501
3978,46542
3979,48059
3980,48072
3981,47575
3982,47303
3983,48473
3984,45258
3985,42454
3986,40848
3987,39905
3988,40224
3989,41469
3990,44724
3991,53660
3992,60386
3993,64238
3994,65830
3995,67891
3996,69278
3997,68451
3998,67817
3999,66615
4000,65631
4001,63959
4002,63343
4003,61061
4004,58749
4005,57347
4006,56037
4007,54357
4008,49965
4009,46892
4010,45085
4011,43865
4012,43938
4013,44933
4014,47626
4015,55626
4016,61896
4017,65340
4018,66194
4019,67887
4020,69504
4021,68660
4022,68041
4023,66594
4024,65614
4025,64123
4026,63624
4027,63092
4028,62051
4029,59775
4030,57268
4031,55410
4032,50929
4033,47320
4034,45299
4035,44107
4036,44174
4037,45105
4038,47749
4039,55285
4040,61689
4041,65227
4042,66275
4043,68058
4044,69361
4045,68438
4046,67750
4047,66513
4048,65276
4049,63701
4050,63222
4051,62500
4052,61095
4053,58459
4054,55913
4055,54278
4056,50387
4057,46501
4058,44291
4059,42629
4060,42254
4061,42285
4062,42132
4063,44689
4064,48423
4065,51591
4066,53995
4067,55875
4068,57930
4069,57635
4070,56132
4071,54889
4072,54050
4073,53617
4074,54332
4075,54751
4076,54270
4077,52674
4078,51273
4079,50488
4080,46832
4081,43676
4082,41863
4083,40744
4084,40776
4085,41758
4086,44538
4087,51297
4088,57144
4089,61030
4090,62882
4091,64441
4092,65657
4093,64811
4094,63280
4095,61552
4096,60470
4097,59352
4098,59419
4099,59084
4100,57655
4101,55232
4102,52965
4103,51700
4104,47912
4105,44459
4106,42200
4107,40718
4108,40330
4109,40351
4110,40441
4111,42734
4112,46558
4113,50871
4114,54321
4115,56530
4116,57817
4117,56458
4118,54412
4119,52690
4120,51623
4121,51179
4122,51717
4123,52090
4124,50854
4125,48247
4126,45953
4127,45827
4128,44405
4129,41093
4130,38743
4131,37183
4132,36181
4133,35919
4134,35317
4135,36318
4136,38624
4137,42459
4138,45915
4139,48561
4140,50979
4141,50533
4142,48830
4143,47471
4144,46544
4145,46215
4146,47188
4147,48674
4148,48852
4149,48181
4150,47548
4151,48788
4152,45868
4153,43189
4154,41583
4155,40551
4156,40661
4157,41987
4158,45345
4159,54637
4160,61257
4161,64985
4162,66535
4163,68394
4164,69973
4165,69495
4166,68995
4167,67913
4168,66866
4169,65035
4170,64232
4171,63819
4172,62788
4173,60377
4174,58073
4175,56160
4176,51635
4177,48034
4178,45829
4179,44652
4180,44836
4181,45942
4182,48804
4183,56886
4184,63370
4185,66586
4186,67454
4187,69093
4188,70506
4189,70034
4190,69275
4191,68369
4192,67196
4193,65741
4194,65132
4195,64609
4196,63419
4197,60921
4198,58721
4199,56359
4200,51911
4201,48435
4202,46291
4203,45068
4204,45198
4205,46401
4206,49206
4207,57353
4208,63690
4209,67171
4210,68254
4211,69738
4212,71134
4213,70434
4214,69432
4215,68000
4216,66827
4217,65270
4218,64629
4219,64133
4220,63047
4221,60307
4222,57911
4223,55947
4224,51497
4225,47968
4226,45795
4227,44656
4228,44839
4229,45778
4230,48656
4231,56393
4232,62747
4233,66224
4234,67222
4235,68832
4236,70162
4237,69465
4238,68779
4239,67463
4240,66404
4241,64831
4242,64361
4243,61786
4244,59234
4245,58087
4246,56801
4247,55466
4248,51171
4249,47863
4250,45841
4251,44715
4252,44832
4253,45685
4254,48343
4255,56129
4256,62421
4257,65845
4258,67096
4259,68754
4260,70066
4261,69227
4262,67769
4263,66151
4264,64787
4265,63320
4266,62862
4267,61810
4268,60684
4269,58056
4270,55872
4271,54109
4272,50280
4273,46847
4274,44505
4275,43274
4276,42738
4277,42580
4278,42637
4279,44831
4280,48557
4281,52528
4282,56017
4283,57928
4284,58698
4285,57638
4286,55659
4287,53939
4288,52905
4289,52235
4290,52934
4291,53297
4292,52168
4293,49412
4294,48989
4295,47843
4296,44660
4297,41428
4298,39384
4299,38216
4300,37645
4301,37433
4302,37252
4303,37947
4304,40245
4305,43903
4306,47216
4307,49817
4308,52413
4309,51882
4310,50023
4311,48574
4312,47828
4313,47617
4314,49114
4315,50366
4316,49848
4317,49018
4318,48529
4319,48958
4320,46005
4321,43353
4322,41763
4323,40821
4324,40839
4325,42266
4326,45784
4327,54853
4328,61806
4329,65580
4330,66532
4331,68093
4332,69431
4333,68790
4334,68017
4335,66922
4336,65896
4337,64459
4338,64106
4339,63520
4340,62288
4341,59796
4342,57155
4343,54604
4344,51573
4345,49042
4346,45925
4347,44502
4348,44343
4349,45346
4350,48004
4351,55390
4352,61537
4353,65124
4354,66181
4355,67789
4356,69601
4357,68584
4358,67908
4359,66785
4360,65690
4361,64023
4362,63672
4363,63155
4364,62122
4365,59724
4366,57741
4367,55558
4368,51161
4369,47799
4370,45495
4371,44452
4372,44410
4373,45397
4374,48024
4375,56221
4376,62846
4377,65940
4378,67065
4379,68838
4380,70213
4381,69497
4382,68975
4383,67452
4384,66264
4385,64768
4386,64092
4387,63567
4388,62388
4389,59919
4390,57960
4391,56041
4392,51330
4393,47581
4394,45696
4395,44760
4396,44919
4397,45890
4398,48519
4399,56344
4400,62733
4401,66085
4402,67014
4403,68507
4404,70091
4405,69603
4406,68987
4407,67954
4408,66723
4409,65115
4410,64485
4411,63608
4412,62594
4413,60284
4414,58246
4415,56488
4416,51756
4417,47982
4418,45939
4419,44831
4420,44952
4421,45812
4422,48403
4423,56227
4424,62694
4425,66496
4426,67851
4427,69671
4428,70905
4429,70031
4430,68861
4431,66871
4432,65063
4433,64164
4434,63097
4435,60053
4436,57425
4437,56293
4438,55077
4439,53885
4440,50497
4441,47370
4442,44664
4443,43446
4444,42839
4445,42636
4446,42373
4447,44336
4448,48206
4449,52147
4450,55619
4451,57614
4452,58697
4453,57745
4454,55735
4455,54020
4456,53117
4457,52727
4458,53442
4459,53426
4460,51972
4461,49923
4462,48462
4463,47640
4464,44652
4465,42205
4466,39762
4467,38310
4468,37703
4469,37450
4470,36636
4471,37514
4472,40264
4473,44212
4474,47342
4475,49819
4476,52009
4477,51522
4478,49864
4479,48578
4480,47873
4481,47405
4482,48488
4483,49753
4484,49853
4485,49559
4486,49534
4487,49849
4488,46620
4489,43905
4490,42457
4491,41681
4492,41720
4493,42953
4494,46158
4495,54956
4496,61924
4497,65885
4498,67370
4499,69158
4500,70413
4501,69946
4502,69550
4503,68124
4504,67001
4505,65584
4506,64813
4507,63875
4508,62933
4509,60381
4510,58407
4511,56263
4512,51524
4513,48298
4514,46446
4515,45478
4516,45667
4517,46573
4518,49306
4519,57252
4520,63912
4521,67748
4522,69218
4523,70650
4524,72099
4525,71234
4526,70603
4527,69379
4528,68577
4529,67359
4530,66699
4531,66095
4532,64789
4533,61693
4534,58398
4535,54722
4536,51824
4537,49584
4538,46892
4539,45689
4540,45349
4541,46313
4542,49100
4543,56509
4544,63150
4545,67395
4546,68638
4547,70459
4548,71812
4549,70719
4550,69952
4551,68845
4552,67516
4553,65902
4554,65735
4555,65141
4556,64029
4557,61474
4558,59222
4559,56327
4560,52405
4561,49094
4562,45998
4563,44586
4564,44717
4565,45728
4566,48558
4567,55857
4568,62280
4569,65863
4570,67363
4571,69320
4572,70832
4573,70162
4574,69434
4575,68277
4576,67127
4577,65736
4578,65276
4579,64173
4580,63170
4581,61025
4582,58949
4583,56228
4584,51648
4585,48408
4586,46042
4587,44911
4588,45040
4589,45910
4590,48468
4591,56187
4592,62488
4593,66158
4594,67532
4595,69087
4596,70105
4597,69322
4598,67965
4599,65958
4600,64921
4601,63765
4602,63219
4603,62113
4604,60844
4605,58040
4606,55924
4607,54058
4608,50036
4609,46738
4610,44320
4611,42835
4612,42432
4613,42350
4614,42135
4615,44200
4616,47911
4617,52156
4618,55322
4619,57256
4620,58076
4621,56983
4622,55154
4623,53347
4624,52196
4625,51461
4626,51619
4627,51535
4628,50686
4629,48750
4630,47748
4631,47057
4632,44406
4633,41566
4634,39421
4635,37967
4636,37324
4637,37050
4638,36681
4639,37391
4640,39797
4641,43244
4642,46652
4643,49362
4644,51957
4645,51660
4646,50209
4647,48744
4648,47537
4649,47482
4650,48410
4651,49496
4652,49055
4653,47240
4654,45561
4655,45586
4656,44227
4657,43892
4658,41533
4659,39965
4660,39515
4661,40871
4662,44402
4663,52550
4664,59454
4665,63738
4666,65672
4667,68087
4668,69788
4669,69147
4670,68517
4671,67661
4672,66586
4673,64969
4674,64183
4675,63460
4676,62275
4677,59510
4678,57506
4679,55337
4680,50676
4681,47307
4682,45586
4683,44455
4684,44921
4685,45776
4686,48348
4687,55823
4688,62183
4689,65956
4690,67204
4691,69023
4692,70772
4693,70023
4694,68995
4695,68005
4696,66742
4697,65181
4698,64554
4699,63695
4700,62553
4701,60025
4702,58333
4703,56150
4704,51374
4705,47987
4706,46056
4707,44973
4708,45043
4709,45981
4710,48648
4711,56140
4712,62723
4713,66474
4714,67704
4715,69564
4716,71080
4717,70694
4718,69917
4719,68606
4720,67514
4721,65847
4722,65158
4723,64182
4724,63071
4725,60573
4726,58688
4727,56822
4728,52078
4729,48500
4730,46458
4731,45527
4732,45642
4733,46521
4734,48991
4735,56309
4736,62825
4737,66018
4738,67776
4739,69673
4740,71108
4741,70415
4742,69864
4743,68695
4744,67457
4745,65966
4746,65222
4747,64300
4748,63112
4749,60750
4750,58829
4751,56960
4752,52256
4753,48795
4754,46759
4755,45623
4756,45559
4757,46487
4758,48999
4759,56268
4760,62716
4761,66576
4762,68166
4763,69983
4764,71154
4765,70236
4766,68813
4767,67403
4768,65832
4769,64437
4770,63781
4771,62485
4772,60993
4773,58259
4774,56265
4775,54871
4776,51144
4777,47837
4778,45499
4779,44005
4780,43452
4781,43346
4782,43162
4783,45311
4784,49254
4785,53573
4786,56724
4787,58482
4788,59298
4789,58331
4790,56593
4791,54741
4792,53824
4793,53201
4794,53217
4795,52755
4796,51910
4797,49999
4798,49097
4799,48503
4800,45363
4801,42712
4802,40734
4803,39349
4804,38899
4805,38518
4806,37981
4807,38792
4808,41244
4809,44757
4810,47781
4811,50241
4812,52416
4813,51831
4814,50687
4815,49093
4816,48331
4817,48570
4818,49492
4819,50545
4820,50591
4821,50010
4822,50237
4823,50138
4824,46903
4825,44322
4826,43116
4827,42299
4828,42487
4829,43436
4830,47125
4831,55237
4832,62233
4833,66338
4834,67995
4835,70031
4836,71209
4837,70092
4838,69540
4839,68717
4840,67520
4841,66018
4842,65517
4843,64976
4844,63820
4845,61406
4846,59577
4847,56532
4848,51763
4849,48629
4850,46853
4851,45646
4852,45717
4853,46655
4854,49546
4855,56797
4856,63170
4857,66761
4858,68280
4859,70226
4860,71399
4861,70304
4862,69580
4863,68628
4864,67635
4865,65851
4866,65204
4867,64112
4868,62946
4869,60474
4870,58871
4871,56359
4872,51815
4873,48535
4874,46367
4875,45255
4876,45158
4877,46122
4878,48819
4879,55901
4880,62231
4881,65881
4882,67265
4883,68972
4884,70618
4885,70102
4886,69424
4887,68181
4888,66918
4889,65181
4890,64406
4891,63541
4892,62605
4893,60136
4894,58664
4895,56439
4896,51866
4897,48581
4898,46631
4899,45419
4900,45489
4901,46327
4902,48939
4903,55673
4904,62006
4905,65463
4906,66875
4907,68850
4908,70165
4909,69813
4910,69238
4911,68021
4912,66886
4913,65309
4914,64583
4915,63642
4916,62582
4917,60340
4918,58596
4919,55753
4920,51172
4921,48068
4922,46303
4923,45088
4924,45308
4925,46171
4926,49129
4927,55875
4928,62088
4929,65693
4930,67071
4931,68738
4932,70096
4933,69363
4934,67716
4935,65872
4936,64466
4937,63200
4938,62822
4939,61655
4940,60011
4941,57259
4942,55587
4943,53500
4944,49559
4945,46434
4946,44201
4947,42845
4948,42440
4949,42492
4950,42630
4951,44510
4952,48090
4953,52343
4954,55696
4955,57536
4956,58376
4957,57446
4958,55616
4959,53845
4960,52726
4961,51826
4962,52185
4963,52002
4964,51251
4965,49192
4966,48343
4967,47402
4968,44584
4969,41665
4970,39803
4971,38531
4972,37999
4973,37953
4974,37699
4975,38094
4976,40419
4977,43915
4978,46852
4979,49234
4980,51542
4981,51328
4982,49868
4983,48607
4984,47718
4985,47527
4986,48298
4987,49062
4988,49238
4989,48671
4990,49041
4991,48893
4992,45669
4993,43223
4994,41504
4995,40818
4996,40997
4997,42441
4998,46073
4999,53809
5000,60633
5001,64906
5002,66570
5003,68412
5004,69938
5005,69575
5006,68895
5007,67826
5008,66722
5009,64884
5010,64305
5011,63508
5012,62303
5013,59811
5014,58296
5015,55213
5016,50741
5017,47523
5018,45612
5019,44625
5020,44735
5021,45641
5022,48759
5023,55760
5024,62129
5025,65977
5026,67667
5027,69400
5028,71143
5029,70396
5030,69340
5031,68226
5032,67251
5033,65792
5034,64954
5035,64084
5036,62845
5037,60141
5038,58768
5039,55174
5040,50739
5041,47637
5042,45889
5043,44930
5044,44959
5045,46072
5046,49127
5047,56184
5048,62589
5049,66318
5050,68043
5051,69724
5052,71113
5053,69731
5054,68623
5055,67602
5056,66379
5057,64818
5058,64238
5059,63318
5060,61990
5061,59433
5062,57904
5063,55082
5064,50430
5065,47469
5066,45449
5067,44330
5068,44436
5069,45405
5070,48216
5071,54739
5072,60671
5073,64382
5074,65862
5075,67622
5076,68884
5077,68201
5078,67314
5079,65988
5080,64834
5081,63351
5082,62726
5083,61815
5084,60507
5085,58275
5086,57414
5087,54908
5088,50192
5089,47006
5090,44780
5091,43704
5092,43655
5093,44838
5094,47556
5095,53608
5096,59356
5097,63171
5098,64964
5099,67086
5100,68246
5101,67257
5102,65269
5103,63557
5104,62331
5105,61335
5106,60715
5107,59621
5108,58009
5109,55204
5110,54175
5111,51885
5112,48218
5113,45109
5114,42894
5115,41397
5116,40769
5117,40658
5118,40955
5119,42746
5120,46237
5121,50512
5122,53826
5123,55861
5124,56827
5125,55829
5126,54131
5127,52693
5128,51499
5129,51173
5130,51731
5131,51526
5132,50464
5133,48224
5134,47615
5135,46097
5136,43061
5137,40462
5138,38642
5139,37525
5140,36911
5141,36629
5142,36678
5143,37145
5144,39326
5145,42433
5146,45323
5147,47716
5148,49924
5149,49401
5150,47864
5151,46825
5152,46056
5153,45608
5154,46581
5155,47555
5156,47484
5157,46944
5158,47620
5159,46646
5160,43522
5161,40942
5162,39452
5163,38632
5164,38753
5165,40044
5166,43513
5167,50749
5168,57309
5169,61526
5170,63729
5171,65689
5172,67446
5173,66648
5174,65668
5175,64578
5176,63613
5177,62147
5178,61571
5179,60757
5180,59432
5181,56672
5182,55814
5183,52492
5184,47803
5185,44853
5186,43092
5187,42028
5188,42058
5189,43063
5190,46140
5191,52716
5192,58817
5193,62487
5194,64075
5195,65987
5196,67472
5197,66781
5198,65818
5199,64502
5200,63434
5201,62052
5202,61296
5203,60323
5204,58965
5205,56505
5206,55736
5207,52673
5208,47974
5209,44716
5210,42949
5211,41874
5212,41916
5213,42923
5214,46083
5215,52171
5216,58099
5217,61792
5218,63551
5219,65339
5220,66876
5221,66208
5222,65356
5223,64236
5224,63001
5225,61423
5226,60932
5227,60287
5228,59237
5229,56971
5230,56078
5231,52616
5232,48230
5233,44903
5234,43133
5235,42100
5236,42106
5237,43085
5238,46344
5239,53027
5240,58788
5241,62334
5242,64047
5243,65864
5244,67475
5245,66542
5246,65783
5247,64722
5248,63459
5249,61987
5250,61505
5251,60788
5252,59361
5253,56886
5254,56332
5255,53097
5256,48570
5257,45260
5258,43459
5259,42368
5260,42441
5261,43269
5262,46327
5263,52324
5264,58310
5265,62359
5266,64219
5267,65937
5268,67154
5269,66265
5270,64771
5271,62941
5272,61781
5273,60579
5274,60426
5275,59693
5276,58135
5277,55491
5278,54653
5279,51629
5280,47902
5281,44753
5282,42845
5283,41408
5284,41001
5285,41085
5286,41834
5287,43534
5288,46846
5289,50870
5290,54048
5291,55906
5292,57096
5293,55822
5294,53759
5295,52066
5296,50930
5297,50251
5298,50528
5299,50441
5300,49608
5301,47701
5302,47675
5303,45674
5304,42489
5305,39827
5306,37950
5307,36563
5308,36041
5309,36086
5310,36250
5311,36524
5312,38650
5313,42002
5314,45198
5315,47728
5316,49921
5317,49604
5318,48206
5319,46972
5320,46211
5321,45973
5322,46727
5323,47929
5324,48220
5325,48087
5326,48382
5327,47062
5328,43921
5329,41462
5330,39852
5331,39008
5332,39107
5333,40564
5334,44353
5335,51262
5336,57599
5337,61724
5338,63778
5339,65472
5340,66961
5341,66099
5342,65376
5343,64104
5344,62703
5345,61158
5346,60666
5347,59964
5348,58949
5349,56831
5350,55964
5351,52195
5352,47776
5353,44791
5354,42976
5355,42029
5356,42082
5357,43110
5358,46434
5359,52706
5360,58589
5361,62195
5362,63662
5363,65567
5364,67463
5365,66708
5366,65542
5367,64007
5368,62690
5369,61450
5370,61022
5371,60534
5372,59326
5373,57376
5374,56494
5375,52616
5376,47749
5377,44491
5378,42775
5379,41738
5380,41871
5381,42859
5382,45877
5383,51992
5384,57937
5385,61757
5386,63469
5387,65046
5388,66702
5389,66093
5390,65033
5391,63753
5392,62587
5393,61222
5394,61057
5395,60838
5396,59630
5397,57643
5398,56274
5399,52385
5400,47926
5401,44872
5402,42966
5403,42020
5404,42004
5405,43069
5406,46260
5407,52430
5408,58184
5409,61892
5410,63485
5411,65236
5412,66835
5413,66141
5414,64926
5415,63451
5416,62390
5417,60963
5418,60618
5419,59861
5420,58690
5421,56922
5422,56059
5423,52007
5424,47489
5425,44442
5426,42776
5427,41769
5428,41666
5429,42456
5430,45195
5431,50673
5432,56007
5433,59721
5434,61659
5435,63462
5436,64726
5437,63786
5438,62055
5439,60157
5440,58820
5441,57791
5442,57879
5443,57120
5444,55930
5445,54318
5446,53341
5447,49755
5448,45848
5449,42936
5450,40923
5451,39752
5452,39385
5453,39523
5454,40359
5455,41953
5456,45142
5457,49072
5458,52242
5459,54078
5460,55313
5461,54663
5462,52747
5463,51279
5464,50418
5465,49881
5466,50129
5467,50300
5468,49685
5469,48318
5470,47512
5471,45161
5472,42088
5473,39233
5474,37358
5475,36105
5476,35661
5477,35749
5478,36178
5479,36346
5480,38509
5481,42031
5482,45468
5483,48220
5484,50722
5485,50458
5486,48378
5487,46915
5488,45997
5489,45793
5490,46672
5491,48051
5492,47977
5493,47735
5494,47980
5495,46326
5496,43256
5497,40752
5498,39238
5499,38491
5500,38630
5501,40254
5502,44350
5503,51716
5504,58321
5505,62455
5506,64429
5507,66301
5508,67986
5509,67498
5510,66456
5511,64971
5512,63815
5513,62175
5514,61734
5515,61112
5516,60492
5517,58708
5518,57496
5519,53106
5520,48603
5521,45296
5522,43437
5523,42476
5524,42633
5525,43657
5526,47120
5527,53618
5528,59221
5529,62858
5530,64448
5531,66392
5532,68006
5533,67351
5534,66134
5535,64631
5536,63653
5537,62064
5538,61698
5539,61317
5540,60525
5541,59103
5542,57757
5543,53433
5544,48755
5545,45494
5546,43624
5547,42693
5548,42873
5549,43994
5550,47605
5551,54427
5552,60041
5553,63321
5554,64658
5555,66407
5556,67601
5557,66718
5558,66070
5559,64602
5560,63639
5561,61724
5562,61097
5563,60923
5564,60455
5565,59071
5566,57609
5567,53181
5568,48278
5569,45140
5570,43368
5571,42433
5572,42543
5573,43510
5574,47152
5575,53978
5576,59279
5577,62644
5578,63779
5579,65250
5580,66933
5581,66303
5582,65283
5583,64253
5584,62942
5585,61630
5586,60908
5587,60433
5588,59773
5589,59124
5590,57833
5591,53338
5592,48365
5593,45081
5594,43456
5595,42407
5596,42537
5597,43727
5598,47351
5599,54241
5600,59709
5601,63147
5602,64542
5603,66157
5604,67305
5605,66458
5606,65036
5607,63172
5608,61694
5609,60525
5610,60415
5611,60125
5612,58941
5613,57425
5614,55487
5615,51468
5616,47196
5617,43876
5618,41838
5619,40572
5620,40272
5621,40559
5622,41143
5623,42712
5624,45809
5625,49930
5626,53282
5627,55270
5628,56413
5629,55561
5630,53473
5631,51627
5632,50817
5633,50432
5634,51100
5635,51356
5636,50814
5637,49893
5638,48719
5639,46089
5640,42512
5641,39580
5642,37639
5643,36360
5644,35938
5645,36247
5646,36712
5647,37166
5648,38980
5649,42502
5650,45830
5651,48543
5652,50980
5653,50367
5654,48461
5655,47007
5656,46129
5657,45880
5658,46774
5659,48279
5660,48383
5661,49074
5662,49039
5663,47101
5664,43700
5665,41104
5666,39683
5667,39195
5668,39581
5669,41165
5670,45621
5671,53697
5672,59936
5673,63438
5674,64822
5675,66663
5676,67947
5677,67022
5678,66619
5679,65279
5680,64404
5681,62632
5682,62148
5683,62154
5684,62155
5685,61154
5686,58355
5687,53664
5688,49150
5689,46053
5690,44265
5691,43255
5692,43492
5693,44809
5694,48724
5695,56500
5696,62300
5697,65663
5698,66557
5699,68318
5700,69829
5701,68934
5702,67887
5703,66631
5704,65520
5705,63809
5706,63644
5707,63263
5708,62855
5709,61936
5710,59119
5711,54757
5712,50207
5713,46727
5714,44832
5715,43866
5716,44018
5717,45209
5718,49070
5719,56555
5720,62009
5721,65019
5722,66186
5723,67718
5724,68926
5725,68102
5726,67218
5727,65941
5728,64799
5729,62995
5730,62173
5731,61813
5732,61285
5733,61113
5734,59253
5735,54939
5736,49961
5737,46566
5738,44654
5739,43644
5740,43723
5741,44983
5742,48719
5743,55846
5744,61372
5745,64826
5746,66003
5747,67466
5748,69169
5749,68624
5750,68007
5751,66716
5752,65362
5753,64006
5754,63234
5755,62694
5756,61992
5757,61813
5758,59760
5759,55303
5760,50726
5761,47235
5762,45466
5763,44400
5764,44261
5765,45384
5766,48982
5767,56580
5768,62009
5769,65308
5770,66787
5771,68508
5772,69282
5773,68133
5774,66876
5775,64867
5776,63310
5777,62217
5778,61991
5779,61242
5780,60424
5781,59795
5782,57247
5783,53004
5784,48975
5785,45581
5786,43435
5787,41965
5788,41720
5789,41717
5790,42517
5791,44469
5792,47410
5793,51252
5794,54456
5795,56421
5796,57511
5797,56533
5798,54447
5799,52542
5800,51538
5801,51131
5802,51634
5803,52041
5804,51555
5805,51245
5806,49156
5807,46371
5808,43163
5809,40462
5810,38452
5811,37336
5812,36777
5813,36859
5814,37359
5815,37985
5816,39539
5817,43203
5818,46388
5819,49044
5820,51678
5821,51206
5822,49169
5823,47742
5824,46930
5825,46818
5826,48136
5827,49709
5828,49891
5829,50812
5830,49675
5831,47742
5832,44134
5833,41584
5834,40076
5835,39731
5836,40028
5837,41753
5838,46120
5839,55073
5840,61217
5841,64792
5842,66086
5843,67721
5844,69078
5845,68186
5846,67469
5847,66341
5848,65261
5849,63372
5850,62880
5851,62554
5852,62624
5853,62320
5854,59283
5855,54478
5856,49624
5857,46490
5858,44778
5859,43688
5860,43846
5861,45025
5862,49050
5863,57339
5864,62949
5865,65888
5866,66828
5867,68214
5868,69678
5869,68918
5870,68073
5871,66852
5872,65544
5873,63803
5874,63519
5875,63248
5876,63059
5877,62898
5878,59726
5879,54971
5880,50178
5881,46922
5882,45146
5883,44077
5884,44165
5885,45460
5886,49472
5887,57459
5888,62953
5889,65935
5890,67159
5891,68427
5892,69741
5893,68932
5894,67977
5895,66806
5896,65596
5897,63915
5898,63408
5899,63090
5900,62892
5901,63124
5902,60103
5903,55327
5904,50460
5905,46990
5906,45067
5907,43780
5908,44055
5909,45349
5910,49542
5911,57417
5912,63018
5913,66028
5914,67141
5915,68566
5916,69940
5917,69233
5918,68270
5919,67106
5920,65718
5921,63978
5922,63247
5923,62927
5924,62910
5925,63207
5926,60042
5927,55216
5928,50358
5929,47101
5930,45361
5931,44212
5932,44431
5933,45580
5934,49383
5935,57372
5936,62713
5937,65945
5938,67282
5939,68678
5940,69631
5941,68593
5942,66944
5943,65340
5944,63737
5945,62361
5946,61921
5947,61267
5948,60875
5949,60892
5950,57587
5951,53197
5952,48978
5953,45635
5954,43464
5955,42044
5956,41516
5957,41488
5958,42502
5959,44458
5960,47180
5961,51218
5962,54581
5963,56629
5964,57658
5965,56796
5966,54830
5967,53196
5968,52078
5969,51301
5970,51530
5971,51922
5972,51854
5973,52010
5974,49303
5975,46426
5976,43121
5977,40201
5978,38274
5979,37260
5980,36857
5981,36684
5982,37176
5983,38131
5984,39581
5985,43224
5986,46565
5987,49167
5988,51409
5989,51029
5990,48865
5991,47484
5992,46629
5993,46267
5994,47432
5995,48587
5996,49477
5997,51522
5998,49942
5999,48110
6000,44533
6001,41848
6002,40465
6003,39886
6004,40223
6005,41825
6006,46390
6007,55968
6008,61884
6009,65165
6010,66481
6011,68171
6012,69688
6013,69022
6014,68117
6015,67093
6016,65720
6017,63935
6018,63219
6019,62927
6020,62779
6021,63403
6022,59653
6023,54884
6024,49959
6025,46708
6026,44810
6027,43939
6028,44044
6029,45336
6030,49407
6031,57804
6032,63086
6033,66134
6034,67123
6035,68442
6036,69860
6037,69018
6038,68527
6039,67573
6040,66365
6041,64613
6042,63998
6043,63706
6044,63965
6045,64071
6046,59999
6047,55046
6048,50046
6049,46811
6050,44835
6051,43918
6052,44076
6053,45552
6054,49469
6055,58140
6056,63819
6057,66709
6058,67560
6059,68928
6060,69889
6061,69419
6062,68724
6063,67170
6064,65939
6065,64332
6066,63777
6067,63538
6068,63972
6069,63860
6070,59903
6071,55023
6072,49966
6073,46635
6074,44930
6075,43949
6076,44237
6077,45236
6078,49323
6079,58258
6080,63878
6081,66615
6082,67421
6083,68605
6084,69863
6085,68940
6086,68097
6087,66670
6088,65515
6089,64156
6090,63522
6091,63394
6092,63839
6093,64126
6094,59958
6095,55081
6096,50290
6097,46947
6098,45129
6099,44262
6100,44574
6101,45856
6102,49990
6103,58583
6104,64428
6105,67683
6106,68765
6107,70095
6108,70893
6109,69743
6110,68278
6111,66459
6112,64974
6113,63889
6114,63764
6115,63668
6116,63606
6117,62281
6118,57888
6119,53739
6120,49560
6121,46068
6122,44014
6123,42556
6124,42119
6125,42038
6126,43001
6127,45504
6128,48414
6129,52387
6130,55494
6131,57344
6132,58226
6133,57080
6134,54967
6135,53081
6136,52248
6137,51779
6138,52579
6139,53410
6140,53811
6141,52964
6142,49718
6143,47083
6144,43699
6145,40709
6146,38658
6147,37429
6148,36959
6149,36869
6150,37406
6151,38610
6152,40071
6153,43707
6154,47148
6155,49655
6156,51914
6157,51132
6158,48972
6159,47305
6160,46393
6161,46188
6162,47616
6163,49581
6164,51144
6165,52488
6166,49962
6167,48203
6168,44840
6169,42215
6170,40803
6171,40131
6172,40257
6173,41942
6174,46455
6175,56990
6176,62850
6177,66207
6178,67593
6179,69283
6180,70551
6181,69688
6182,68656
6183,67464
6184,66261
6185,64430
6186,63797
6187,63784
6188,64781
6189,64692
6190,60109
6191,55195
6192,50157
6193,46981
6194,45294
6195,44224
6196,44333
6197,45616
6198,49661
6199,58978
6200,64211
6201,66693
6202,67588
6203,69017
6204,70323
6205,69416
6206,68686
6207,67491
6208,66327
6209,64342
6210,63748
6211,63572
6212,64692
6213,64792
6214,60308
6215,55416
6216,50388
6217,47348
6218,45498
6219,44310
6220,44552
6221,45901
6222,50163
6223,59563
6224,64498
6225,66959
6226,67663
6227,69095
6228,70499
6229,69725
6230,68950
6231,67813
6232,66435
6233,64676
6234,63927
6235,63575
6236,65211
6237,65385
6238,60697
6239,55921
6240,51043
6241,47387
6242,45723
6243,44569
6244,44518
6245,45783
6246,49801
6247,59032
6248,64315
6249,66575
6250,67079
6251,68972
6252,70334
6253,69566
6254,69017
6255,67804
6256,66436
6257,65056
6258,64674
6259,64586
6260,66173
6261,65319
6262,60647
6263,55494
6264,50688
6265,47488
6266,45456
6267,44334
6268,44671
6269,45741
6270,49794
6271,58937
6272,64182
6273,66812
6274,67526
6275,68992
6276,69951
6277,68887
6278,67400
6279,65808
6280,64563
6281,63289
6282,63041
6283,62623
6284,63727
6285,62529
6286,57938
6287,53524
6288,49183
6289,45913
6290,43718
6291,42429
6292,42087
6293,42183
6294,43282
6295,45935
6296,48595
6297,52544
6298,55651
6299,57637
6300,58349
6301,57475
6302,55210
6303,53237
6304,52378
6305,51704
6306,52337
6307,53088
6308,54306
6309,53266
6310,49569
6311,46760
6312,43551
6313,40578
6314,38560
6315,37416
6316,36914
6317,37114
6318,37627
6319,39016
6320,40727
6321,44352
6322,47725
6323,50238
6324,52684
6325,52435
6326,50421
6327,49205
6328,48479
6329,48064
6330,49413
6331,51459
6332,53479
6333,53408
6334,50663
6335,48755
6336,45190
6337,42762
6338,41336
6339,40716
6340,41215
6341,43095
6342,47925
6343,58289
6344,64153
6345,66893
6346,68074
6347,69776
6348,71201
6349,70253
6350,69642
6351,68047
6352,66546
6353,65056
6354,64543
6355,64623
6356,66342
6357,65019
6358,60351
6359,55244
6360,50593
6361,47379
6362,45612
6363,44487
6364,44644
6365,45907
6366,49928
6367,59376
6368,64747
6369,67122
6370,67408
6371,68367
6372,69382
6373,68419
6374,67532
6375,66280
6376,65228
6377,63401
6378,63033
6379,63542
6380,66196
6381,64651
6382,60004
6383,55120
6384,50058
6385,46740
6386,45026
6387,44182
6388,44721
6389,46189
6390,50538
6391,59889
6392,65331
6393,67428
6394,67812
6395,68854
6396,69953
6397,69554
6398,68520
6399,67134
6400,65956
6401,64509
6402,64405
6403,65069
6404,67102
6405,64848
6406,60197
6407,55427
6408,50788
6409,47313
6410,45577
6411,44507
6412,44760
6413,45971
6414,50295
6415,59739
6416,65573
6417,67904
6418,68639
6419,70040
6420,71080
6421,70004
6422,69143
6423,67878
6424,66845
6425,65305
6426,65364
6427,65532
6428,67570
6429,65278
6430,60511
6431,55685
6432,51035
6433,47697
6434,45764
6435,44787
6436,45064
6437,46482
6438,50425
6439,59660
6440,65789
6441,68300
6442,68917
6443,69952
6444,70522
6445,69337
6446,67832
6447,66343
6448,64783
6449,63621
6450,63657
6451,63776
6452,65388
6453,62690
6454,58199
6455,54074
6456,49622
6457,46083
6458,43937
6459,42597
6460,42096
6461,42410
6462,43131
6463,45869
6464,48828
6465,52749
6466,55878
6467,57519
6468,58233
6469,56832
6470,54874
6471,52875
6472,51773
6473,50965
6474,51539
6475,52745
6476,55307
6477,53697
6478,49939
6479,47414
6480,44012
6481,41029
6482,38965
6483,37741
6484,37439
6485,37583
6486,38150
6487,39147
6488,40589
6489,44128
6490,47480
6491,49812
6492,52000
6493,51141
6494,49049
6495,47320
6496,46301
6497,46124
6498,47398
6499,49911
6500,53668
6501,52969
6502,50135
6503,48304
6504,45129
6505,42258
6506,40770
6507,40208
6508,40608
6509,42441
6510,47121
6511,57834
6512,64136
6513,66469
6514,67124
6515,68536
6516,69617
6517,68875
6518,68293
6519,67294
6520,66090
6521,64357
6522,64306
6523,65196
6524,68036
6525,64769
6526,60022
6527,55063
6528,50158
6529,46866
6530,45246
6531,44079
6532,44295
6533,45617
6534,49926
6535,59688
6536,66116
6537,68413
6538,68962
6539,70091
6540,70988
6541,69980
6542,69246
6543,67811
6544,66770
6545,64995
6546,64753
6547,65489
6548,68318
6549,65621
6550,60592
6551,55839
6552,50634
6553,47605
6554,45634
6555,44534
6556,44730
6557,46136
6558,50356
6559,60054
6560,66257
6561,68082
6562,68148
6563,69240
6564,70312
6565,69272
6566,68360
6567,67354
6568,66019
6569,64372
6570,64305
6571,65062
6572,68224
6573,65711
6574,60887
6575,56059
6576,50961
6577,47405
6578,45504
6579,44347
6580,44481
6581,45921
6582,50207
6583,59634
6584,65656
6585,67548
6586,67803
6587,68903
6588,69628
6589,68525
6590,67493
6591,66174
6592,64794
6593,63330
6594,62851
6595,63159
6596,65859
6597,62858
6598,57932
6599,53124
6600,48426
6601,44592
6602,42524
6603,41351
6604,40858
6605,40876
6606,40640
6607,41242
6608,43126
6609,46158
6610,49244
6611,51323
6612,52841
6613,51921
6614,49817
6615,48062
6616,47019
6617,46291
6618,47293
6619,49377
6620,52872
6621,51651
6622,48976
6623,46662
6624,43472
6625,40501
6626,38735
6627,37800
6628,37526
6629,38174
6630,39488
6631,42393
6632,45495
6633,49268
6634,52250
6635,53674
6636,54695
6637,54104
6638,52331
6639,51025
6640,50258
6641,49675
6642,50629
6643,52645
6644,55626
6645,53267
6646,49703
6647,47058
6648,43558
6649,40646
6650,38737
6651,37667
6652,37203
6653,37446
6654,37777
6655,39089
6656,40913
6657,44221
6658,47264
6659,49758
6660,52057
6661,51506
6662,49525
6663,47938
6664,47170
6665,46958
6666,48707
6667,51726
6668,54653
6669,52937
6670,50440
6671,48691
6672,45062
6673,42248
6674,40890
6675,40410
6676,40856
6677,42612
6678,47242
6679,57699
6680,64594
6681,67155
6682,68058
6683,69486
6684,70700
6685,69829
6686,69037
6687,67491
6688,66537
6689,64798
6690,64737
6691,66118
6692,69163
6693,65570
6694,60899
6695,56094
6696,51129
6697,47800
6698,45765
6699,44955
6700,45274
6701,46728
6702,51021
6703,60449
6704,67253
6705,69451
6706,69908
6707,71197
6708,72511
6709,71587
6710,70596
6711,69167
6712,68331
6713,66945
6714,66937
6715,68201
6716,70228
6717,66189
6718,61260
6719,56589
6720,51503
6721,47779
6722,45785
6723,44969
6724,45515
6725,46983
6726,51076
6727,60465
6728,67121
6729,68760
6730,69110
6731,70254
6732,71386
6733,70780
6734,70247
6735,69232
6736,68176
6737,66677
6738,66652
6739,68306
6740,70574
6741,66429
6742,61750
6743,56954
6744,52016
6745,48601
6746,46609
6747,45706
6748,45933
6749,47366
6750,51547
6751,60927
6752,67676
6753,69221
6754,69495
6755,70707
6756,71979
6757,70970
6758,70093
6759,69105
6760,67970
6761,66195
6762,66062
6763,67508
6764,69933
6765,65917
6766,61328
6767,56740
6768,51665
6769,47949
6770,46029
6771,44917
6772,45253
6773,46547
6774,50828
6775,60115
6776,66875
6777,68756
6778,69133
6779,70036
6780,70589
6781,69469
6782,68111
6783,66341
6784,64843
6785,63397
6786,63664
6787,65376
6788,67298
6789,63069
6790,58490
6791,54547
6792,49954
6793,46347
6794,44052
6795,42757
6796,42487
6797,42786
6798,43783
6799,46315
6800,49944
6801,53409
6802,56464
6803,58186
6804,58906
6805,57719
6806,55338
6807,53329
6808,52406
6809,52055
6810,53297
6811,55582
6812,57724
6813,54263
6814,50640
6815,47851
6816,44230
6817,41336
6818,39302
6819,38058
6820,37742
6821,37864
6822,38543
6823,39491
6824,41371
6825,44592
6826,47842
6827,50522
6828,52939
6829,51845
6830,49317
6831,47643
6832,46824
6833,46560
6834,49073
6835,53527
6836,55638
6837,53046
6838,50547
6839,49234
6840,45763
6841,43125
6842,41485
6843,40740
6844,41383
6845,42929
6846,47821
6847,58285
6848,65787
6849,68208
6850,68885
6851,70363
6852,71712
6853,70642
6854,69708
6855,68514
6856,67084
6857,65337
6858,65457
6859,67392
6860,69645
6861,65278
6862,60673
6863,56027
6864,50963
6865,47648
6866,45601
6867,44647
6868,44922
6869,46308
6870,50463
6871,60170
6872,67339
6873,69387
6874,69210
6875,70068
6876,71044
6877,69926
6878,68845
6879,67893
6880,66644
6881,65010
6882,64885
6883,67343
6884,69846
6885,65807
6886,60927
6887,56507
6888,51478
6889,47709
6890,45715
6891,44818
6892,45142
6893,46586
6894,50854
6895,60168
6896,67339
6897,69203
6898,69133
6899,70108
6900,71133
6901,70055
6902,68953
6903,67824
6904,66683
6905,65009
6906,65336
6907,68216
6908,69907
6909,65504
6910,60890
6911,56147
6912,51217
6913,47694
6914,45755
6915,44755
6916,45036
6917,46468
6918,50738
6919,60244
6920,67612
6921,69788
6922,70175
6923,71015
6924,71938
6925,71274
6926,70399
6927,69066
6928,68037
6929,66618
6930,66857
6931,69100
6932,70365
6933,66100
6934,61452
6935,56776
6936,51768
6937,48296
6938,46393
6939,45235
6940,45661
6941,47114
6942,51215
6943,60314
6944,67646
6945,69942
6946,70217
6947,71170
6948,72087
6949,70710
6950,68706
6951,67128
6952,65622
6953,64366
6954,64495
6955,67042
6956,68187
6957,63612
6958,58794
6959,55009
6960,50788
6961,46930
6962,44440
6963,42934
6964,42765
6965,43225
6966,43964
6967,46289
6968,49942
6969,53351
6970,56164
6971,58094
6972,58955
6973,57543
6974,55263
6975,53401
6976,52309
6977,51593
6978,52934
6979,56548
6980,58744
6981,54889
6982,51307
6983,48647
6984,44901
6985,41200
6986,39006
6987,37926
6988,37359
6989,37522
6990,37962
6991,39010
6992,41135
6993,44295
6994,47478
6995,50052
6996,52163
6997,51330
6998,49150
6999,47413
7000,46215
7001,46387
7002,48629
7003,53321
7004,55469
7005,52963
7006,50434
7007,48874
7008,45469
7009,42916
7010,41472
7011,40805
7012,41151
7013,42969
7014,47807
7015,58083
7016,65903
7017,68246
7018,68739
7019,70327
7020,71777
7021,70754
7022,69857
7023,68600
7024,67343
7025,65499
7026,65916
7027,69100
7028,69994
7029,65652
7030,61163
7031,56743
7032,51698
7033,47987
7034,46103
7035,45146
7036,45486
7037,47113
7038,51128
7039,60497
7040,67807
7041,69697
7042,69561
7043,70674
7044,72045
7045,71543
7046,70911
7047,69730
7048,69259
7049,68144
7050,68944
7051,71300
7052,71245
7053,66460
7054,61938
7055,57394
7056,52676
7057,49010
7058,47098
7059,46308
7060,46860
7061,48431
7062,52131
7063,61231
7064,68654
7065,71379
7066,72098
7067,73593
7068,74726
7069,73659
7070,72644
7071,71345
7072,70120
7073,68783
7074,69447
7075,71978
7076,71703
7077,66962
7078,62747
7079,58493
7080,53460
7081,49811
7082,47785
7083,46697
7084,47222
7085,48521
7086,52288
7087,61171
7088,68683
7089,70663
7090,70668
7091,71742
7092,72553
7093,71709
7094,71064
7095,69720
7096,68394
7097,67233
7098,67720
7099,70684
7100,71145
7101,66851
7102,62332
7103,58145
7104,53176
7105,49434
7106,47337
7107,46325
7108,46740
7109,48354
7110,52385
7111,60849
7112,68267
7113,70484
7114,70647
7115,70996
7116,71254
7117,70068
7118,68414
7119,66577
7120,65316
7121,64208
7122,64948
7123,68416
7124,68645
7125,63987
7126,59820
7127,56418
7128,52076
7129,48376
7130,46125
7131,44518
7132,44255
7133,44910
7134,45211
7135,47249
7136,51040
7137,54454
7138,57425
7139,59060
7140,59936
7141,58923
7142,56757
7143,55222
7144,54579
7145,54271
7146,56073
7147,59676
7148,59193
7149,55198
7150,51985
7151,49824
7152,46364
7153,43044
7154,40881
7155,39458
7156,38921
7157,39092
7158,39552
7159,40810
7160,43356
7161,47354
7162,50414
7163,52175
7164,53915
7165,52698
7166,50535
7167,48989
7168,48250
7169,49263
7170,54747
7171,57371
7172,55746
7173,53074
7174,51151
7175,49937
7176,46584
7177,43917
7178,42415
7179,41935
7180,42688
7181,45036
7182,49487
7183,58870
7184,65312
7185,68188
7186,68865
7187,70013
7188,71183
7189,70124
7190,69182
7191,67900
7192,66967
7193,66594
7194,70845
7195,72231
7196,69920
7197,65415
7198,61143
7199,57174
7200,52285
7201,48999
7202,47148
7203,46406
7204,47264
7205,49020
7206,52966
7207,61368
7208,67199
7209,69737
7210,70123
7211,70969
7212,72030
7213,70991
7214,69995
7215,68733
7216,67900
7217,67676
7218,72029
7219,73338
7220,71150
7221,66641
7222,62270
7223,58220
7224,53522
7225,50194
7226,47944
7227,47066
7228,47716
7229,49198
7230,52931
7231,61268
7232,67100
7233,69669
7234,70143
7235,71041
7236,72059
7237,71191
7238,70412
7239,69421
7240,68769
7241,68444
7242,72471
7243,73130
7244,70721
7245,66197
7246,62149
7247,58266
7248,53285
7249,49684
7250,47455
7251,46505
7252,47124
7253,48678
7254,52391
7255,60751
7256,66634
7257,69126
7258,69879
7259,70881
7260,71981
7261,71038
7262,70388
7263,69303
7264,68456
7265,68097
7266,71792
7267,72247
7268,70175
7269,65645
7270,61244
7271,57268
7272,52428
7273,48663
7274,46528
7275,45534
7276,45838
7277,47431
7278,50782
7279,57853
7280,63114
7281,65924
7282,66549
7283,67645
7284,68432
7285,67318
7286,65452
7287,63837
7288,62628
7289,62950
7290,67268
7291,67632
7292,65203
7293,61142
7294,57266
7295,54174
7296,49712
7297,45924
7298,43896
7299,42735
7300,42401
7301,42586
7302,42776
7303,43457
7304,45341
7305,48767
7306,51906
7307,53911
7308,55213
7309,54174
7310,52003
7311,50272
7312,49646
7313,50845
7314,56491
7315,58456
7316,56077
7317,52631
7318,50268
7319,48670
7320,45011
7321,41724
7322,39592
7323,38543
7324,38344
7325,38841
7326,39308
7327,39657
7328,41532
7329,45297
7330,48364
7331,50650
7332,52839
7333,51812
7334,49585
7335,47901
7336,47427
7337,48877
7338,55616
7339,57692
7340,55808
7341,53209
7342,51231
7343,50113
7344,46432
7345,43672
7346,42179
7347,41716
7348,42543
7349,44703
7350,49660
7351,59748
7352,65798
7353,67801
7354,68398
7355,69503
7356,70855
7357,70513
7358,69784
7359,68792
7360,68248
7361,68589
7362,72684
7363,73150
7364,70859
7365,66384
7366,62092
7367,58022
7368,52886
7369,49197
7370,47355
7371,46501
7372,47061
7373,48734
7374,52771
7375,61736
7376,67479
7377,69587
7378,70045
7379,70735
7380,72025
7381,71082
7382,70269
7383,69355
7384,68997
7385,69368
7386,73221
7387,73423
7388,71301
7389,66714
7390,62282
7391,58287
7392,53092
7393,49513
7394,47510
7395,46763
7396,47430
7397,49302
7398,53169
7399,62265
7400,68713
7401,70861
7402,71021
7403,72125
7404,73072
7405,72369
7406,71781
7407,71009
7408,70578
7409,70894
7410,74147
7411,73701
7412,71528
7413,66972
7414,62764
7415,58860
7416,53641
7417,49616
7418,47696
7419,46880
7420,47640
7421,49179
7422,52739
7423,61348
7424,67533
7425,69512
7426,69930
7427,70789
7428,71726
7429,70888
7430,70374
7431,69535
7432,68983
7433,69346
7434,73189
7435,73011
7436,71056
7437,66707
7438,62541
7439,59002
7440,54240
7441,50651
7442,48282
7443,47455
7444,48087
7445,49608
7446,53102
7447,61701
7448,67747
7449,69879
7450,70388
7451,71243
7452,71869
7453,70912
7454,69553
7455,68099
7456,67676
7457,68308
7458,72185
7459,71604
7460,69012
7461,64429
7462,60327
7463,57115
7464,52904
7465,48900
7466,46624
7467,45242
7468,45148
7469,45462
7470,45797
7471,47309
7472,50626
7473,54501
7474,57223
7475,58580
7476,58995
7477,57702
7478,55317
7479,53729
7480,53551
7481,55280
7482,60939
7483,61578
7484,59138
7485,55128
7486,52157
7487,50408
7488,47047
7489,43543
7490,41518
7491,40546
7492,40568
7493,40821
7494,40932
7495,40984
7496,42533
7497,45967
7498,49317
7499,51819
7500,54463
7501,53702
7502,51447
7503,50051
7504,49750
7505,51755
7506,57390
7507,58615
7508,56874
7509,54147
7510,52044
7511,51321
7512,47753
7513,44645
7514,43062
7515,42550
7516,43302
7517,45461
7518,49930
7519,59907
7520,67189
7521,69810
7522,70519
7523,71619
7524,72610
7525,71879
7526,71246
7527,70271
7528,69805
7529,70198
7530,73830
7531,73581
7532,71568
7533,66987
7534,62829
7535,59077
7536,53909
7537,50226
7538,48064
7539,47187
7540,47905
7541,49768
7542,53669
7543,62841
7544,69160
7545,71100
7546,71293
7547,72141
7548,73015
7549,72005
7550,71499
7551,70530
7552,70058
7553,70806
7554,74199
7555,73764
7556,71891
7557,67477
7558,63417
7559,59318
7560,54286
7561,50279
7562,48253
7563,47488
7564,48158
7565,49939
7566,53810
7567,62802
7568,69064
7569,71095
7570,71445
7571,72426
7572,73448
7573,72685
7574,72118
7575,71167
7576,70888
7577,71894
7578,75080
7579,74342
7580,72023
7581,67448
7582,63404
7583,59352
7584,54328
7585,50486
7586,48466
7587,47583
7588,48247
7589,49931
7590,53764
7591,62762
7592,69395
7593,71317
7594,71638
7595,72465
7596,73383
7597,72566
7598,72006
7599,71117
7600,70599
7601,71296
7602,74492
7603,73805
7604,71490
7605,67002
7606,62955
7607,59241
7608,54381
7609,50300
7610,48170
7611,47206
7612,47833
7613,49616
7614,53371
7615,62275
7616,68880
7617,70957
7618,71394
7619,72062
7620,72462
7621,71104
7622,69808
7623,68242
7624,67647
7625,69000
7626,72931
7627,72044
7628,69371
7629,64773
7630,60916
7631,57989
7632,53253
7633,49337
7634,46933
7635,45794
7636,45911
7637,46298
7638,46509
7639,48099
7640,51674
7641,55384
7642,58487
7643,60313
7644,61456
7645,60107
7646,58246
7647,56662
7648,56688
7649,58808
7650,62457
7651,62054
7652,59521
7653,55504
7654,52798
7655,51425
7656,47926
7657,44078
7658,41586
7659,40191
7660,40047
7661,40640
7662,40591
7663,40832
7664,42811
7665,46106
7666,50076
7667,53282
7668,56256
7669,55868
7670,53995
7671,52287
7672,51821
7673,53608
7674,58260
7675,59378
7676,57619
7677,54980
7678,53013
7679,52313
7680,48775
7681,45711
7682,43817
7683,43410
7684,44231
7685,46237
7686,50663
7687,60717
7688,67879
7689,69860
7690,70260
7691,70976
7692,71526
7693,70879
7694,70669
7695,69673
7696,69248
7697,70778
7698,74154
7699,73455
7700,71194
7701,66896
7702,62985
7703,59142
7704,53971
7705,50339
7706,48332
7707,47480
7708,48049
7709,49739
7710,53684
7711,62721
7712,69700
7713,71874
7714,72301
7715,73037
7716,74194
7717,73468
7718,73123
7719,72520
7720,72290
7721,73054
7722,75013
7723,74196
7724,72022
7725,67504
7726,63355
7727,59586
7728,54374
7729,50719
7730,48543
7731,47811
7732,48226
7733,49687
7734,53171
7735,61179
7736,68190
7737,70593
7738,71105
7739,72195
7740,73315
7741,72581
7742,71965
7743,71080
7744,70880
7745,71843
7746,74186
7747,73478
7748,71179
7749,66700
7750,62899
7751,59319
7752,54586
7753,50941
7754,48788
7755,48193
7756,48563
7757,50155
7758,53819
7759,62335
7760,69330
7761,71105
7762,71424
7763,72179
7764,73034
7765,72467
7766,72091
7767,71266
7768,71121
7769,72220
7770,75045
7771,74066
7772,71765
7773,67517
7774,63513
7775,60079
7776,55432
7777,51606
7778,49393
7779,48760
7780,49166
7781,50949
7782,54630
7783,62783
7784,69710
7785,71508
7786,71467
7787,72190
7788,72667
7789,71362
7790,70094
7791,68760
7792,68420
7793,70185
7794,73541
7795,72390
7796,69656
7797,65040
7798,61570
7799,58746
7800,54317
7801,50532
7802,48259
7803,47040
7804,46861
7805,47193
7806,47416
7807,48896
7808,52602
7809,56124
7810,58831
7811,60381
7812,60961
7813,60100
7814,57992
7815,56056
7816,55943
7817,58557
7818,63059
7819,62834
7820,60313
7821,56421
7822,53752
7823,52223
7824,48978
7825,45447
7826,43121
7827,42034
7828,41794
7829,42006
7830,41780
7831,41575
7832,43583
7833,46872
7834,50114
7835,52640
7836,55004
7837,54303
7838,52001
7839,50459
7840,50473
7841,53463
7842,58632
7843,59615
7844,57903
7845,55101
7846,53041
7847,52290
7848,48773
7849,45582
7850,43975
7851,43401
7852,44175
7853,46234
7854,50890
7855,61003
7856,68764
7857,71019
7858,71109
7859,71890
7860,72662
7861,71901
7862,71332
7863,70472
7864,70250
7865,71612
7866,74809
7867,74129
7868,71959
7869,67609
7870,63448
7871,59974
7872,54894
7873,51334
7874,49300
7875,48752
7876,49204
7877,50740
7878,54342
7879,63174
7880,70110
7881,72030
7882,71892
7883,72567
7884,73262
7885,72399
7886,72017
7887,71356
7888,71309
7889,72934
7890,75744
7891,74825
7892,72591
7893,68233
7894,64271
7895,60787
7896,55825
7897,52233
7898,50042
7899,49203
7900,49722
7901,51335
7902,55228
7903,63958
7904,70976
7905,72785
7906,72752
7907,73567
7908,74421
7909,73629
7910,73117
7911,72513
7912,72499
7913,73974
7914,76504
7915,75583
7916,73326
7917,69095
7918,65206
7919,61467
7920,56499
7921,52635
7922,50431
7923,49667
7924,50013
7925,51476
7926,55092
7927,63797
7928,71006
7929,72656
7930,72608
7931,73246
7932,73854
7933,73132
7934,72546
7935,71880
7936,71809
7937,73543
7938,76251
7939,75325
7940,73230
7941,69168
7942,65332
7943,61859
7944,57000
7945,53239
7946,50928
7947,50085
7948,50519
7949,52034
7950,55789
7951,64002
7952,71286
7953,73372
7954,73471
7955,74237
7956,74511
7957,73231
7958,71941
7959,70682
7960,70370
7961,72147
7962,74572
7963,73196
7964,70830
7965,66938
7966,63349
7967,60780
7968,56804
7969,53211
7970,50779
7971,49261
7972,48884
7973,48792
7974,48812
7975,50086
7976,53877
7977,57675
7978,60917
7979,62766
7980,63513
7981,62625
7982,60749
7983,59596
7984,59672
7985,62056
7986,64554
7987,64068
7988,61812
7989,58195
7990,55807
7991,54707
7992,51270
7993,47799
7994,45587
7995,44316
7996,43816
7997,43845
7998,43635
7999,43316
8000,45353
8001,49059
8002,53005
8003,55937
8004,58669
8005,58469
8006,56559
8007,55327
8008,55291
8009,57435
8010,60426
8011,61172
8012,60015
8013,57633
8014,56134
8015,55729
8016,52185
8017,49306
8018,47704
8019,47266
8020,47735
8021,49520
8022,53603
8023,63229
8024,71293
8025,74013
8026,74724
8027,75814
8028,76857
8029,76489
8030,76120
8031,75382
8032,75238
8033,76352
8034,78000
8035,77080
8036,75049
8037,70852
8038,67173
8039,63801
8040,58805
8041,55184
8042,53066
8043,52140
8044,52248
8045,53733
8046,57279
8047,65688
8048,72684
8049,74839
8050,75000
8051,75813
8052,76755
8053,76406
8054,76137
8055,75644
8056,75730
8057,76701
8058,78453
8059,77439
8060,75295
8061,71381
8062,67321
8063,63749
8064,59102
8065,55495
8066,53313
8067,52330
8068,52559
8069,53911
8070,57382
8071,65895
8072,73214
8073,75576
8074,75770
8075,76719
8076,77600
8077,77154
8078,76883
8079,76363
8080,76199
8081,77366
8082,79120
8083,77705
8084,75633
8085,71454
8086,67787
8087,64364
8088,59564
8089,55966
8090,53599
8091,52653
8092,52781
8093,54040
8094,57474
8095,65803
8096,73156
8097,75329
8098,75521
8099,76229
8100,77087
8101,76426
8102,75952
8103,75428
8104,75317
8105,76440
8106,77950
8107,76979
8108,74911
8109,70805
8110,67130
8111,63898
8112,59047
8113,55165
8114,53006
8115,51935
8116,52177
8117,53579
8118,56822
8119,65026
8120,72392
8121,74799
8122,75009
8123,75738
8124,76312
8125,75656
8126,74440
8127,73219
8128,72802
8129,74316
8130,75617
8131,73926
8132,71559
8133,67737
8134,64368
8135,61944
8136,57698
8137,53932
8138,51336
8139,49775
8140,49373
8141,49456
8142,49465
8143,50493
8144,53985
8145,57871
8146,60949
8147,62743
8148,63679
8149,62794
8150,60980
8151,59798
8152,59693
8153,61832
8154,64288
8155,63599
8156,61684
8157,58424
8158,56309
8159,55018
8160,51648
8161,48006
8162,45717
8163,44701
8164,44534
8165,44601
8166,44410
8167,43839
8168,45871
8169,49093
8170,52828
8171,55629
8172,58396
8173,57992
8174,56403
8175,55545
8176,55577
8177,58089
8178,61276
8179,62025
8180,60907
8181,58465
8182,56853
8183,56448
8184,53012
8185,50014
8186,48134
8187,47322
8188,47982
8189,49774
8190,53883
8191,63405
8192,71134
8193,73121
8194,73062
8195,73614
8196,74272
8197,73590
8198,73114
8199,72599
8200,72796
8201,74795
8202,77347
8203,76385
8204,74453
8205,70284
8206,66676
8207,63272
8208,58197
8209,54970
8210,52971
8211,52077
8212,52422
8213,53797
8214,57168
8215,65230
8216,72552
8217,74744
8218,74518
8219,75236
8220,75680
8221,75430
8222,75003
8223,74481
8224,74658
8225,76427
8226,78408
8227,77360
8228,75368
8229,71296
8230,67748
8231,64252
8232,59668
8233,56057
8234,53630
8235,52849
8236,53152
8237,54611
8238,58118
8239,66420
8240,73664
8241,76035
8242,76112
8243,77114
8244,77926
8245,77037
8246,76303
8247,75488
8248,75037
8249,76400
8250,78385
8251,77290
8252,75170
8253,71261
8254,67734
8255,64260
8256,59118
8257,55373
8258,53118
8259,52061
8260,52537
8261,53822
8262,57212
8263,65293
8264,72682
8265,75034
8266,74886
8267,75820
8268,76732
8269,75902
8270,75727
8271,75060
8272,74627
8273,76240
8274,77898
8275,76566
8276,74543
8277,70846
8278,67352
8279,64028
8280,58936
8281,54792
8282,52320
8283,51420
8284,51397
8285,52708
8286,56042
8287,64326
8288,71490
8289,73760
8290,73896
8291,74608
8292,75332
8293,74692
8294,73404
8295,72094
8296,71651
8297,73666
8298,75044
8299,73082
8300,70309
8301,66329
8302,62954
8303,60350
8304,56034
8305,51886
8306,49309
8307,47977
8308,47807
8309,48242
8310,48659
8311,49735
8312,53430
8313,57238
8314,59964
8315,61679
8316,62463
8317,61729
8318,60144
8319,58725
8320,58901
8321,61693
8322,64014
8323,63563
8324,61403
8325,57855
8326,55447
8327,54464
8328,50902
8329,47555
8330,45225
8331,43919
8332,43601
8333,43740
8334,43447
8335,43026
8336,45213
8337,48518
8338,51921
8339,54708
8340,57368
8341,56972
8342,54959
8343,53494
8344,53431
8345,56183
8346,59848
8347,60928
8348,59891
8349,57813
8350,56349
8351,55698
8352,51905
8353,48693
8354,47086
8355,46552
8356,46984
8357,48813
8358,52934
8359,61905
8360,70019
8361,72535
8362,72306
8363,73348
8364,74211
8365,73650
8366,73089
8367,72164
8368,71852
8369,73183
8370,74903
8371,73902
8372,71925
8373,67813
8374,64190
8375,60751
8376,55473
8377,51709
8378,49475
8379,48415
8380,48876
8381,50377
8382,54014
8383,62485
8384,70211
8385,72856
8386,72562
8387,73182
8388,73795
8389,73188
8390,72538
8391,71925
8392,71707
8393,73365
8394,75497
8395,74318
8396,72362
8397,68369
8398,64560
8399,61133
8400,56059
8401,52417
8402,50238
8403,49352
8404,49853
8405,51221
8406,54620
8407,63027
8408,70297
8409,72562
8410,72539
8411,73628
8412,74380
8413,73931
8414,73664
8415,73017
8416,72759
8417,73787
8418,74693
8419,73351
8420,71131
8421,67093
8422,63465
8423,60186
8424,55127
8425,50991
8426,48459
8427,47326
8428,47587
8429,49014
8430,52445
8431,60493
8432,68181
8433,70436
8434,70317
8435,71028
8436,71946
8437,71341
8438,70756
8439,69999
8440,69997
8441,71520
8442,73305
8443,72330
8444,70260
8445,66075
8446,62530
8447,59415
8448,54232
8449,49976
8450,47425
8451,46374
8452,46690
8453,48269
8454,51597
8455,59255
8456,66492
8457,68854
8458,68642
8459,69171
8460,69496
8461,68564
8462,66913
8463,65625
8464,65428
8465,67533
8466,69566
8467,68403
8468,65918
8469,62076
8470,59161
8471,56982
8472,52977
8473,49055
8474,46813
8475,45684
8476,45648
8477,45949
8478,46151
8479,47048
8480,50470
8481,54121
8482,56957
8483,59192
8484,60755
8485,60474
8486,58904
8487,57950
8488,58313
8489,60605
8490,63199
8491,62673
8492,60497
8493,56930
8494,54665
8495,53326
8496,49723
8497,46149
8498,43706
8499,42289
8500,41763
8501,41897
8502,41572
8503,41052
8504,43053
8505,45954
8506,49006
8507,51703
8508,54751
8509,55004
8510,53594
8511,52377
8512,52465
8513,54787
8514,57747
8515,58220
8516,57040
8517,54952
8518,56083
8519,52583
8520,48875
8521,45088
8522,42780
8523,42025
8524,42194
8525,43706
8526,46271
8527,51515
8528,57943
8529,62004
8530,63556
8531,64281
8532,65010
8533,64743
8534,63932
8535,63064
8536,62870
8537,64568
8538,66502
8539,65954
8540,63775
8541,59886
8542,57055
8543,54359
8544,49677
8545,45470
8546,43035
8547,42014
8548,42214
8549,43527
8550,45755
8551,50287
8552,55946
8553,59818
8554,61498
8555,62503
8556,63302
8557,63108
8558,61730
8559,60468
8560,59975
8561,62159
8562,64982
8563,64459
8564,62142
8565,58089
8566,54838
8567,52505
8568,48176
8569,44003
8570,41514
8571,40344
8572,40198
8573,40831
8574,41614
8575,42526
8576,46022
8577,50181
8578,53721
8579,55105
8580,55953
8581,55278
8582,53665
8583,51480
8584,50359
8585,51967
8586,54395
8587,52760
8588,49496
8589,47215
8590,46688
8591,47065
8592,44660
8593,41487
8594,39034
8595,37904
8596,37718
8597,38090
8598,38302
8599,37918
8600,39785
8601,42914
8602,47214
8603,50285
8604,52801
8605,51401
8606,48307
8607,47024
8608,46347
8609,48036
8610,51195
8611,51819
8612,50897
8613,49351
8614,48354
8615,47982
8616,45061
8617,41718
8618,39528
8619,38653
8620,38457
8621,38518
8622,38405
8623,38175
8624,40009
8625,43126
8626,46623
8627,49109
8628,51396
8629,50454
8630,48076
8631,47051
8632,46741
8633,48999
8634,52454
8635,53301
8636,52383
8637,50672
8638,49605
8639,49410
8640,46713
8641,43825
8642,41849
8643,40867
8644,40474
8645,40562
8646,40823
8647,41538
8648,44328
8649,47998
8650,51409
8651,53455
8652,54983
8653,55525
8654,54312
8655,53451
8656,53534
8657,55883
8658,59108
8659,59418
8660,57566
8661,54252
8662,52060
8663,51440
8664,48499
8665,45500
8666,43422
8667,42158
8668,41444
8669,41359
8670,40954
8671,39889
8672,41327
8673,44059
8674,47252
8675,49817
8676,52480
8677,52532
8678,50714
8679,49670
8680,49638
8681,52248
8682,56772
8683,57608
8684,56453
8685,54311
8686,52932
8687,53061
8688,50371
8689,47608
8690,45450
8691,44378
8692,43676
8693,44200
8694,45458
8695,47829
8696,52317
8697,55737
8698,58108
8699,59434
8700,60427
8701,60963
8702,60025
8703,59086
8704,58691
8705,60699
8706,64031
8707,64069
8708,62225
8709,58548
8710,56098
8711,54830
8712,51519
8713,48295
8714,45856
8715,44486
8716,43951
8717,44492
8718,45521
8719,47730
8720,51806
8721,55237
8722,57691
8723,59001
8724,59999
8725,60241
8726,59184
8727,58427
8728,58303
8729,60173
8730,63128
8731,62958
8732,61006
8733,57329
8734,54789
8735,53300
8736,49626
8737,46133
8738,43821
8739,42536
8740,41919
8741,42121
8742,41872
8743,42086
8744,44648
8745,47975
8746,51211
8747,53152
8748,54497
8749,54801
8750,53773
8751,52513
8752,52348
8753,54367
8754,57917
8755,57094
8756,53946
8757,50122
8758,48582
8759,48840
8760,47347
