hour,nl_demand
1,11017
2,10763
3,10164
4,9615
5,9248
6,9236
7,9519
8,9827
9,10094
10,10421
11,11044
12,11572
13,11827
14,11789
15,11831
16,11870
17,12330
18,13629
19,13801
20,13624
21,13211
22,12563
23,11898
24,11069
25,10308
26,9710
27,9354
28,9249
29,9273
30,9713
31,10934
32,12629
33,14194
34,14957
35,15481
36,15799
37,15767
38,15654
39,15394
40,15283
41,15604
42,16766
43,16344
44,15834
45,15034
46,14037
47,13109
48,12179
49,11219
50,10422
51,10015
52,9848
53,9892
54,10267
55,11353
56,12979
57,14601
58,15370
59,15701
60,15852
61,15699
62,15681
63,15402
64,15204
65,15674
66,16713
67,16264
68,15687
69,14822
70,13875
71,12976
72,12040
73,11179
74,10444
75,9940
76,9680
77,9588
78,9727
79,10198
80,11046
81,12149
82,13190
83,13775
84,13964
85,13936
86,13789
87,13702
88,13548
89,14071
90,15130
91,14845
92,14378
93,13683
94,12875
95,12155
96,11348
97,10561
98,9921
99,9478
100,9275
101,9179
102,9281
103,9578
104,10079
105,10836
106,11507
107,12054
108,12311
109,12463
110,12424
111,12444
112,12507
113,12967
114,14555
115,14606
116,14329
117,13794
118,13015
119,12196
120,11104
121,10276
122,9789
123,9563
124,9503
125,9627
126,10158
127,11765
128,14156
129,15821
130,16226
131,16267
132,16361
133,16149
134,16129
135,15996
136,15960
137,16280
138,17193
139,16565
140,16065
141,15161
142,14245
143,13090
144,12053
145,11078
146,10435
147,10064
148,9935
149,9999
150,10491
151,12017
152,14542
153,16025
154,16316
155,16318
156,16280
157,16090
158,16198
159,16169
160,16167
161,16435
162,17333
163,16702
164,16102
165,15226
166,14343
167,13188
168,12152
169,11180
170,10491
171,10144
172,10056
173,10122
174,10589
175,12124
176,14603
177,16138
178,16326
179,16353
180,16448
181,16343
182,16422
183,16304
184,16229
185,16492
186,17567
187,16863
188,16217
189,15326
190,14462
191,13238
192,12230
193,11258
194,10596
195,10206
196,10085
197,10118
198,10590
199,12088
200,14535
201,16216
202,16602
203,16722
204,16848
205,16684
206,16681
207,16645
208,16627
209,16940
210,17594
211,17029
212,16435
213,15576
214,14510
215,13388
216,12324
217,11404
218,10764
219,10411
220,10272
221,10299
222,10747
223,12151
224,14648
225,16272
226,16631
227,16673
228,16600
229,16273
230,16200
231,16071
232,15929
233,16101
234,17165
235,16596
236,15852
237,14974
238,13997
239,12975
240,12137
241,11311
242,10539
243,10091
244,9845
245,9782
246,9892
247,10463
248,11461
249,12699
250,13778
251,14364
252,14671
253,14560
254,14208
255,13874
256,13535
257,13724
258,15031
259,14982
260,14518
261,13767
262,12972
263,12257
264,11489
265,10807
266,10172
267,9755
268,9581
269,9482
270,9536
271,9804
272,10364
273,11148
274,11867
275,12352
276,12562
277,12703
278,12601
279,12427
280,12427
281,12806
282,14491
283,14733
284,14448
285,13888
286,13140
287,12361
288,11318
289,10544
290,10048
291,9808
292,9701
293,9807
294,10381
295,11983
296,14538
297,16135
298,16472
299,16431
300,16420
301,16200
302,16212
303,16088
304,16003
305,16183
306,17271
307,16857
308,16331
309,15427
310,14489
311,13361
312,12290
313,11296
314,10633
315,10265
316,10189
317,10294
318,10712
319,12237
320,14642
321,16162
322,16574
323,16708
324,16781
325,16588
326,16610
327,16498
328,16431
329,16667
330,17518
331,16861
332,16284
333,15407
334,14475
335,13330
336,12272
337,11282
338,10661
339,10334
340,10254
341,10302
342,10767
343,12309
344,14785
345,16212
346,16657
347,16787
348,16883
349,16792
350,16896
351,16899
352,16847
353,17064
354,17752
355,16940
356,16349
357,15487
358,14536
359,13324
360,12240
361,11201
362,10517
363,10188
364,10119
365,10158
366,10628
367,12153
368,14638
369,16215
370,16565
371,16654
372,16706
373,16540
374,16606
375,16588
376,16585
377,16752
378,17366
379,16970
380,16378
381,15565
382,14461
383,13273
384,12245
385,11301
386,10620
387,10272
388,10122
389,10187
390,10645
391,12182
392,14609
393,16206
394,16679
395,16760
396,16744
397,16437
398,16424
399,16313
400,16121
401,16297
402,17119
403,16648
404,15945
405,15061
406,13997
407,12980
408,12126
409,11272
410,10496
411,9988
412,9810
413,9746
414,9860
415,10404
416,11383
417,12581
418,13558
419,14043
420,14119
421,13883
422,13681
423,13480
424,13278
425,13427
426,14693
427,14792
428,14375
429,13617
430,12822
431,12237
432,11433
433,10749
434,10071
435,9660
436,9429
437,9284
438,9399
439,9808
440,10354
441,11174
442,11872
443,12442
444,12803
445,13091
446,13052
447,12916
448,12763
449,13016
450,14353
451,14647
452,14369
453,13792
454,13029
455,12313
456,11360
457,10608
458,10129
459,9910
460,9890
461,10015
462,10535
463,12071
464,14636
465,16262
466,16643
467,16843
468,17093
469,16993
470,17107
471,16979
472,16898
473,17140
474,17839
475,17126
476,16601
477,15660
478,14736
479,13482
480,12408
481,11470
482,10836
483,10590
484,10457
485,10526
486,10957
487,12502
488,15004
489,16513
490,16978
491,17094
492,17107
493,16901
494,16911
495,16831
496,16818
497,16912
498,17580
499,17121
500,16556
501,15680
502,14758
503,13574
504,12543
505,11611
506,10967
507,10610
508,10481
509,10484
510,10976
511,12418
512,14992
513,16566
514,17028
515,17140
516,17090
517,16760
518,16708
519,16572
520,16548
521,16613
522,17512
523,17129
524,16601
525,15682
526,14682
527,13494
528,12537
529,11562
530,10887
531,10499
532,10448
533,10512
534,10988
535,12527
536,14983
537,16606
538,17011
539,17134
540,17229
541,17129
542,17152
543,16998
544,16906
545,17129
546,17779
547,17457
548,16948
549,16080
550,14922
551,13691
552,12663
553,11703
554,11083
555,10692
556,10592
557,10654
558,11092
559,12512
560,14994
561,16558
562,17004
563,17096
564,17073
565,16743
566,16658
567,16531
568,16417
569,16480
570,17247
571,16848
572,16102
573,15209
574,14228
575,13219
576,12391
577,11583
578,10874
579,10353
580,10134
581,10088
582,10231
583,10776
584,11782
585,12916
586,13989
587,14500
588,14673
589,14555
590,14316
591,14113
592,14000
593,14158
594,15204
595,15270
596,14731
597,14061
598,13311
599,12665
600,11843
601,11108
602,10443
603,10009
604,9803
605,9740
606,9794
607,10021
608,10578
609,11282
610,12047
611,12565
612,12965
613,13272
614,13284
615,13197
616,13151
617,13443
618,14796
619,15064
620,14801
621,14193
622,13430
623,12590
624,11470
625,10708
626,10226
627,10027
628,10016
629,10136
630,10672
631,12307
632,14884
633,16204
634,16571
635,16639
636,16706
637,16545
638,16835
639,16837
640,16788
641,16864
642,17631
643,17173
644,16580
645,15604
646,14589
647,13474
648,12379
649,11433
650,10827
651,10521
652,10389
653,10445
654,10954
655,12485
656,15003
657,16331
658,16711
659,16778
660,16788
661,16464
662,16433
663,16427
664,16360
665,16428
666,17173
667,16926
668,16378
669,15499
670,14602
671,13408
672,12237
673,11355
674,10726
675,10476
676,10392
677,10418
678,10893
679,12424
680,15035
681,16440
682,16942
683,17042
684,17003
685,16818
686,16837
687,16783
688,16697
689,16799
690,17543
691,17270
692,16765
693,15872
694,14837
695,13629
696,12630
697,11718
698,11000
699,10667
700,10580
701,10617
702,11103
703,12581
704,15099
705,16588
706,17066
707,17096
708,17027
709,16761
710,16739
711,16576
712,16464
713,16524
714,17243
715,17276
716,16778
717,15920
718,14757
719,13542
720,12490
721,11600
722,10989
723,10685
724,10584
725,10626
726,11146
727,12562
728,15038
729,16447
730,16903
731,16848
732,16799
733,16476
734,16330
735,16129
736,16075
737,16117
738,16881
739,16775
740,16071
741,15184
742,14142
743,13065
744,12225
745,11358
746,10672
747,10240
748,10038
749,9955
750,10081
751,10625
752,11662
753,12819
754,14074
755,14681
756,14821
757,14689
758,14346
759,13984
760,13751
761,13756
762,14585
763,15071
764,14573
765,13912
766,13029
767,12439
768,11626
769,10839
770,10246
771,9813
772,9592
773,9493
774,9613
775,9907
776,10427
777,11125
778,11896
779,12372
780,12560
781,12642
782,12478
783,12355
784,12424
785,12635
786,13704
787,14655
788,14375
789,13739
790,13002
791,12246
792,11209
793,10560
794,10121
795,9952
796,9934
797,10004
798,10529
799,12163
800,14757
801,16092
802,16418
803,16282
804,16184
805,15845
806,15872
807,15782
808,15785
809,16029
810,16633
811,16930
812,16457
813,15513
814,14499
815,13272
816,12085
817,11156
818,10549
819,10271
820,10222
821,10246
822,10773
823,12333
824,14858
825,16183
826,16702
827,16566
828,16375
829,15883
830,15774
831,15634
832,15649
833,15879
834,16400
835,16630
836,16198
837,15234
838,14375
839,13190
840,12088
841,11149
842,10535
843,10224
844,10128
845,10228
846,10773
847,12409
848,14887
849,16301
850,16728
851,16618
852,16363
853,15951
854,15954
855,16104
856,16197
857,16167
858,16707
859,16762
860,16208
861,15291
862,14328
863,13175
864,12101
865,11187
866,10562
867,10213
868,10128
869,10135
870,10640
871,12312
872,14818
873,15935
874,16406
875,16334
876,16261
877,16012
878,16128
879,16208
880,16181
881,16297
882,16925
883,16922
884,16520
885,15691
886,14556
887,13436
888,12319
889,11304
890,10613
891,10174
892,10081
893,10189
894,10683
895,12188
896,14609
897,15946
898,16564
899,16835
900,16980
901,16834
902,16903
903,16717
904,16454
905,16474
906,16740
907,16620
908,15954
909,15085
910,13985
911,12949
912,12072
913,11264
914,10531
915,10127
916,9926
917,9778
918,9866
919,10487
920,11589
921,12782
922,14001
923,14651
924,14900
925,14796
926,14442
927,14035
928,13665
929,13637
930,14138
931,14822
932,14396
933,13746
934,12899
935,12210
936,11429
937,10624
938,10016
939,9625
940,9419
941,9337
942,9400
943,9710
944,10274
945,11007
946,11917
947,12647
948,13092
949,13364
950,13233
951,12840
952,12736
953,12782
954,13656
955,14599
956,14380
957,13733
958,13047
959,12236
960,11243
961,10503
962,10058
963,9804
964,9736
965,9871
966,10447
967,12009
968,14525
969,15915
970,16428
971,16504
972,16596
973,16431
974,16425
975,16272
976,16162
977,16234
978,16618
979,16766
980,16354
981,15485
982,14410
983,13158
984,12176
985,11240
986,10574
987,10270
988,10115
989,10207
990,10644
991,12221
992,14687
993,15862
994,16331
995,16238
996,16042
997,15899
998,16078
999,16185
1000,16315
1001,16520
1002,17057
1003,16970
1004,16411
1005,15542
1006,14643
1007,13347
1008,12255
1009,11252
1010,10666
1011,10358
1012,10273
1013,10307
1014,10820
1015,12261
1016,14738
1017,15945
1018,16433
1019,16375
1020,16255
1021,16007
1022,15982
1023,16048
1024,16229
1025,16313
1026,16864
1027,16983
1028,16508
1029,15646
1030,14699
1031,13451
1032,12382
1033,11351
1034,10704
1035,10366
1036,10298
1037,10370
1038,10867
1039,12454
1040,14862
1041,16031
1042,16526
1043,16639
1044,16708
1045,16425
1046,16538
1047,16683
1048,16736
1049,16738
1050,16939
1051,17080
1052,16745
1053,15898
1054,14775
1055,13453
1056,12330
1057,11484
1058,10840
1059,10461
1060,10344
1061,10392
1062,10806
1063,12353
1064,14719
1065,15953
1066,16600
1067,16622
1068,16610
1069,16411
1070,16392
1071,16353
1072,16348
1073,16374
1074,16879
1075,16909
1076,16299
1077,15451
1078,14281
1079,13249
1080,12388
1081,11375
1082,10698
1083,10208
1084,9996
1085,9896
1086,9991
1087,10566
1088,11512
1089,12494
1090,13702
1091,14165
1092,14183
1093,13861
1094,13570
1095,13457
1096,13229
1097,13354
1098,13939
1099,14667
1100,14434
1101,13688
1102,12913
1103,12212
1104,11453
1105,10598
1106,10013
1107,9633
1108,9493
1109,9404
1110,9408
1111,9726
1112,10246
1113,10906
1114,11701
1115,12054
1116,12198
1117,12366
1118,12249
1119,12055
1120,11933
1121,12018
1122,12918
1123,14112
1124,14181
1125,13665
1126,12958
1127,12255
1128,11291
1129,10507
1130,10072
1131,9865
1132,9869
1133,9972
1134,10480
1135,12161
1136,14508
1137,15861
1138,16340
1139,16465
1140,16383
1141,16215
1142,16224
1143,15937
1144,15753
1145,15901
1146,16099
1147,16454
1148,16234
1149,15353
1150,14396
1151,13134
1152,12144
1153,11230
1154,10658
1155,10338
1156,10235
1157,10269
1158,10692
1159,12316
1160,14597
1161,15860
1162,16447
1163,16429
1164,16351
1165,16117
1166,16235
1167,16251
1168,16160
1169,16092
1170,16337
1171,16399
1172,16118
1173,15356
1174,14379
1175,13115
1176,12056
1177,11076
1178,10382
1179,10098
1180,10015
1181,10126
1182,10548
1183,12008
1184,14339
1185,15703
1186,16325
1187,16501
1188,16399
1189,15958
1190,15903
1191,16012
1192,15991
1193,16060
1194,16311
1195,16392
1196,16018
1197,15225
1198,14209
1199,13102
1200,12033
1201,11157
1202,10584
1203,10254
1204,10158
1205,10209
1206,10608
1207,12126
1208,14224
1209,15517
1210,16282
1211,16482
1212,16635
1213,16419
1214,16503
1215,16373
1216,16180
1217,16349
1218,16570
1219,16637
1220,16270
1221,15545
1222,14387
1223,13196
1224,12320
1225,11333
1226,10684
1227,10349
1228,10169
1229,10191
1230,10640
1231,12206
1232,14351
1233,15733
1234,16447
1235,16570
1236,16447
1237,16063
1238,15822
1239,15457
1240,15334
1241,15384
1242,15544
1243,15953
1244,15844
1245,15004
1246,13943
1247,12925
1248,12174
1249,11239
1250,10507
1251,10155
1252,9956
1253,9854
1254,9919
1255,10504
1256,11357
1257,12511
1258,13579
1259,13961
1260,13961
1261,13772
1262,13318
1263,13121
1264,12954
1265,13021
1266,13438
1267,14190
1268,14192
1269,13558
1270,12800
1271,12058
1272,11321
1273,10587
1274,10094
1275,9669
1276,9507
1277,9452
1278,9444
1279,9767
1280,10144
1281,10848
1282,11548
1283,11853
1284,11980
1285,12085
1286,12067
1287,12007
1288,11906
1289,12051
1290,12735
1291,13858
1292,13993
1293,13520
1294,12833
1295,12074
1296,11112
1297,10312
1298,9884
1299,9673
1300,9645
1301,9802
1302,10309
1303,11994
1304,14088
1305,15321
1306,15762
1307,15696
1308,15644
1309,15322
1310,15328
1311,15184
1312,15202
1313,15338
1314,15461
1315,15827
1316,15925
1317,15122
1318,14129
1319,13018
1320,11978
1321,11028
1322,10445
1323,10136
1324,9991
1325,10131
1326,10562
1327,12051
1328,13987
1329,15247
1330,15769
1331,15980
1332,16067
1333,15887
1334,15911
1335,15767
1336,15622
1337,15696
1338,15770
1339,15845
1340,15861
1341,15171
1342,14227
1343,13046
1344,11985
1345,11033
1346,10506
1347,10190
1348,10111
1349,10153
1350,10594
1351,12080
1352,14130
1353,15494
1354,15999
1355,15844
1356,15679
1357,15278
1358,15263
1359,15316
1360,15208
1361,15327
1362,15572
1363,15800
1364,15897
1365,15160
1366,14211
1367,13092
1368,12119
1369,11167
1370,10580
1371,10267
1372,10184
1373,10306
1374,10764
1375,12219
1376,14149
1377,15413
1378,16052
1379,16188
1380,16297
1381,16254
1382,16469
1383,16539
1384,16519
1385,16502
1386,16345
1387,16370
1388,16336
1389,15588
1390,14524
1391,13297
1392,12280
1393,11327
1394,10706
1395,10392
1396,10353
1397,10430
1398,10872
1399,12211
1400,14160
1401,15542
1402,16202
1403,16285
1404,16157
1405,15876
1406,15798
1407,15616
1408,15358
1409,15367
1410,15561
1411,15730
1412,15633
1413,14774
1414,13838
1415,12861
1416,11990
1417,11099
1418,10546
1419,10175
1420,10043
1421,9949
1422,9960
1423,10421
1424,11245
1425,12383
1426,13270
1427,13521
1428,13498
1429,13411
1430,13261
1431,13166
1432,13107
1433,13178
1434,13517
1435,13963
1436,14019
1437,13376
1438,12628
1439,11938
1440,11097
1441,10365
1442,9917
1443,9572
1444,9409
1445,9351
1446,9387
1447,9621
1448,9979
1449,10658
1450,11219
1451,11464
1452,11515
1453,11588
1454,11434
1455,11181
1456,11174
1457,11561
1458,12390
1459,13339
1460,13743
1461,13307
1462,12622
1463,11912
1464,10974
1465,10253
1466,9818
1467,9645
1468,9599
1469,9722
1470,10211
1471,11706
1472,13587
1473,14969
1474,15663
1475,15874
1476,15910
1477,15898
1478,15782
1479,15413
1480,15112
1481,15063
1482,15140
1483,15316
1484,15685
1485,14915
1486,13972
1487,12818
1488,11860
1489,10924
1490,10419
1491,10216
1492,10125
1493,10212
1494,10607
1495,11945
1496,13824
1497,15015
1498,15410
1499,15412
1500,15264
1501,14960
1502,14943
1503,14906
1504,14973
1505,15106
1506,15262
1507,15404
1508,15698
1509,14994
1510,14096
1511,12944
1512,11898
1513,11013
1514,10466
1515,10171
1516,10148
1517,10204
1518,10634
1519,12058
1520,13835
1521,15188
1522,15675
1523,15510
1524,15406
1525,15206
1526,15201
1527,15075
1528,15004
1529,15030
1530,15244
1531,15348
1532,15896
1533,15191
1534,14271
1535,13072
1536,12073
1537,11052
1538,10442
1539,10230
1540,10136
1541,10193
1542,10617
1543,12120
1544,13958
1545,15297
1546,15820
1547,15846
1548,15712
1549,15328
1550,15144
1551,15048
1552,14988
1553,15134
1554,15315
1555,15525
1556,16046
1557,15318
1558,14289
1559,13016
1560,12024
1561,11040
1562,10494
1563,10172
1564,10089
1565,10191
1566,10624
1567,11997
1568,13749
1569,15117
1570,15676
1571,15634
1572,15609
1573,15410
1574,15433
1575,15434
1576,15242
1577,15125
1578,15226
1579,15293
1580,15518
1581,14761
1582,13676
1583,12620
1584,11771
1585,10796
1586,10151
1587,9904
1588,9721
1589,9678
1590,9770
1591,10275
1592,10960
1593,12058
1594,12747
1595,12889
1596,12756
1597,12534
1598,12300
1599,12055
1600,11896
1601,11999
1602,12540
1603,13143
1604,13715
1605,13208
1606,12493
1607,11816
1608,11082
1609,10235
1610,9591
1611,9369
1612,9199
1613,9169
1614,9189
1615,9366
1616,9622
1617,10407
1618,10849
1619,11034
1620,11121
1621,11139
1622,10890
1623,10607
1624,10545
1625,10821
1626,11719
1627,12548
1628,13456
1629,13030
1630,12298
1631,11494
1632,10522
1633,9833
1634,9442
1635,9307
1636,9300
1637,9482
1638,9998
1639,11562
1640,13438
1641,14672
1642,14862
1643,14887
1644,14831
1645,14589
1646,14627
1647,14440
1648,14385
1649,14538
1650,14833
1651,14871
1652,15473
1653,14739
1654,13718
1655,12611
1656,11531
1657,10537
1658,9972
1659,9782
1660,9708
1661,9757
1662,10272
1663,11800
1664,13766
1665,15089
1666,15582
1667,15526
1668,15245
1669,14858
1670,14773
1671,14631
1672,14528
1673,14696
1674,14828
1675,14743
1676,15548
1677,14829
1678,13887
1679,12698
1680,11719
1681,10736
1682,10097
1683,9830
1684,9807
1685,9920
1686,10373
1687,11784
1688,13549
1689,14794
1690,15078
1691,14984
1692,14856
1693,14546
1694,14535
1695,14511
1696,14409
1697,14474
1698,14737
1699,14526
1700,15313
1701,14712
1702,13797
1703,12638
1704,11630
1705,10670
1706,10087
1707,9880
1708,9847
1709,9954
1710,10340
1711,11725
1712,13508
1713,14725
1714,15047
1715,14961
1716,14918
1717,14637
1718,14679
1719,14588
1720,14509
1721,14657
1722,14763
1723,14699
1724,15594
1725,14958
1726,13867
1727,12680
1728,11730
1729,10775
1730,10202
1731,9935
1732,9887
1733,9998
1734,10451
1735,11842
1736,13721
1737,15243
1738,15775
1739,15793
1740,15703
1741,15301
1742,15039
1743,14772
1744,14548
1745,14606
1746,14772
1747,14647
1748,15222
1749,14582
1750,13492
1751,12434
1752,11612
1753,10683
1754,10048
1755,9658
1756,9452
1757,9490
1758,9544
1759,9945
1760,10716
1761,11838
1762,12733
1763,13007
1764,13021
1765,12810
1766,12519
1767,12208
1768,12036
1769,12276
1770,12733
1771,13061
1772,13656
1773,13106
1774,12318
1775,11642
1776,10838
1777,10011
1778,9408
1779,9116
1780,8948
1781,8893
1782,8933
1783,9074
1784,9351
1785,10092
1786,10755
1787,11148
1788,11419
1789,11583
1790,11480
1791,11300
1792,10999
1793,11069
1794,11853
1795,12429
1796,13413
1797,13090
1798,12316
1799,11567
1800,10574
1801,9764
1802,9290
1803,9171
1804,9157
1805,9321
1806,9827
1807,11296
1808,13263
1809,14775
1810,15335
1811,15371
1812,15491
1813,15275
1814,15366
1815,15201
1816,15169
1817,15240
1818,15270
1819,15074
1820,15601
1821,14892
1822,13897
1823,12665
1824,11566
1825,10610
1826,9973
1827,9756
1828,9709
1829,9745
1830,10219
1831,11725
1832,13716
1833,15117
1834,15452
1835,15517
1836,15534
1837,15528
1838,15635
1839,15551
1840,15235
1841,15389
1842,15624
1843,15453
1844,15828
1845,15069
1846,14058
1847,12906
1848,11853
1849,10809
1850,10138
1851,9838
1852,9803
1853,9833
1854,10311
1855,11638
1856,13478
1857,14848
1858,15276
1859,15125
1860,14924
1861,14700
1862,14725
1863,14667
1864,14528
1865,14680
1866,14953
1867,14648
1868,15376
1869,14785
1870,13921
1871,12728
1872,11709
1873,10731
1874,10053
1875,9782
1876,9720
1877,9794
1878,10256
1879,11548
1880,13169
1881,14352
1882,14760
1883,14718
1884,14692
1885,14467
1886,14551
1887,14467
1888,14394
1889,14516
1890,14673
1891,14399
1892,15254
1893,14784
1894,13791
1895,12579
1896,11620
1897,10640
1898,9965
1899,9688
1900,9651
1901,9757
1902,10229
1903,11684
1904,13628
1905,15231
1906,15936
1907,16140
1908,16309
1909,16037
1910,15643
1911,15120
1912,14806
1913,14612
1914,14755
1915,14436
1916,15064
1917,14606
1918,13553
1919,12565
1920,11685
1921,10749
1922,9998
1923,9631
1924,9457
1925,9383
1926,9509
1927,9860
1928,10596
1929,11720
1930,12692
1931,13125
1932,13188
1933,13054
1934,12710
1935,12457
1936,12355
1937,12352
1938,12664
1939,12788
1940,13501
1941,13216
1942,12479
1943,11754
1944,10891
1945,10103
1946,9508
1947,9191
1948,9072
1949,9006
1950,9047
1951,9147
1952,9478
1953,10234
1954,10943
1955,11367
1956,11678
1957,11809
1958,11676
1959,11406
1960,11234
1961,11316
1962,12048
1963,12588
1964,13531
1965,13230
1966,12500
1967,11751
1968,10739
1969,9915
1970,9434
1971,9271
1972,9380
1973,9630
1974,10180
1975,11488
1976,13344
1977,14696
1978,15040
1979,15030
1980,15119
1981,14942
1982,14989
1983,14902
1984,14770
1985,14743
1986,14830
1987,14452
1988,15311
1989,14947
1990,13979
1991,12847
1992,11680
1993,10633
1994,10110
1995,9901
1996,9865
1997,9928
1998,10447
1999,11575
2000,13407
2001,14607
2002,14870
2003,14829
2004,14909
2005,14789
2006,14898
2007,14870
2008,14715
2009,14712
2010,14801
2011,14355
2012,15229
2013,14924
2014,14045
2015,12767
2016,11688
2017,10679
2018,10148
2019,9865
2020,9812
2021,9934
2022,10378
2023,11613
2024,13609
2025,14921
2026,15353
2027,15462
2028,15413
2029,15246
2030,15300
2031,15194
2032,14994
2033,14988
2034,15104
2035,14648
2036,15344
2037,15028
2038,14110
2039,12874
2040,11771
2041,10748
2042,10111
2043,9876
2044,9819
2045,9908
2046,10415
2047,11698
2048,13608
2049,14876
2050,15291
2051,15157
2052,14988
2053,14816
2054,14938
2055,14821
2056,14734
2057,14857
2058,14985
2059,14718
2060,15461
2061,15187
2062,14149
2063,12892
2064,11857
2065,10762
2066,10194
2067,9861
2068,9773
2069,9802
2070,10158
2071,11237
2072,13143
2073,14438
2074,14899
2075,14897
2076,14789
2077,14552
2078,14510
2079,14399
2080,14140
2081,14152
2082,14360
2083,14031
2084,14572
2085,14254
2086,13245
2087,12185
2088,11349
2089,10390
2090,9691
2091,9398
2092,9234
2093,9231
2094,9364
2095,9628
2096,10497
2097,11439
2098,12238
2099,12415
2100,12307
2101,12119
2102,11813
2103,11621
2104,11547
2105,11664
2106,12098
2107,12263
2108,12991
2109,12836
2110,12131
2111,11412
2112,10601
2113,9831
2114,9262
2115,0
2116,8933
2117,8866
2118,8880
2119,9033
2120,9133
2121,9711
2122,10358
2123,10847
2124,11117
2125,11229
2126,11109
2127,10946
2128,10801
2129,10889
2130,11434
2131,11797
2132,11918
2133,12625
2134,12316
2135,11582
2136,10626
2137,9843
2138,9388
2139,9163
2140,9135
2141,9254
2142,9727
2143,11212
2144,13098
2145,14469
2146,14948
2147,15057
2148,15098
2149,14902
2150,14930
2151,14867
2152,14683
2153,14602
2154,14664
2155,14020
2156,13797
2157,14213
2158,13866
2159,12702
2160,11670
2161,10657
2162,10018
2163,9673
2164,9516
2165,9579
2166,9960
2167,11328
2168,13028
2169,14308
2170,14910
2171,14947
2172,14983
2173,14730
2174,14827
2175,14781
2176,14598
2177,14494
2178,14470
2179,13829
2180,13527
2181,14048
2182,13840
2183,12757
2184,11757
2185,10755
2186,10094
2187,9699
2188,9620
2189,9661
2190,10062
2191,11479
2192,13273
2193,14510
2194,15003
2195,15042
2196,15007
2197,14812
2198,14836
2199,14782
2200,14625
2201,14552
2202,14685
2203,13975
2204,13585
2205,13964
2206,13721
2207,12679
2208,11729
2209,10665
2210,9960
2211,9597
2212,9479
2213,9566
2214,10003
2215,11374
2216,13173
2217,14439
2218,15045
2219,15085
2220,15065
2221,14921
2222,14904
2223,14800
2224,14719
2225,14770
2226,14766
2227,14181
2228,13946
2229,14363
2230,13862
2231,12724
2232,11740
2233,10737
2234,10024
2235,9690
2236,9538
2237,9572
2238,9949
2239,11319
2240,13290
2241,14670
2242,15389
2243,15490
2244,15584
2245,15311
2246,15337
2247,15137
2248,14828
2249,14629
2250,14582
2251,14052
2252,13711
2253,13903
2254,13331
2255,12324
2256,11475
2257,10551
2258,9813
2259,9418
2260,9225
2261,9185
2262,9236
2263,9680
2264,10373
2265,11445
2266,12452
2267,12792
2268,12716
2269,12470
2270,12201
2271,11857
2272,11567
2273,11575
2274,11890
2275,12027
2276,11875
2277,12215
2278,12156
2279,11546
2280,10790
2281,10017
2282,9309
2283,8938
2284,8761
2285,8697
2286,8722
2287,8883
2288,9122
2289,9913
2290,10709
2291,11389
2292,11699
2293,11831
2294,11762
2295,11582
2296,11415
2297,11513
2298,12124
2299,12264
2300,12183
2301,12458
2302,12220
2303,11552
2304,10640
2305,9843
2306,9316
2307,9101
2308,9063
2309,9183
2310,9664
2311,11037
2312,12987
2313,14421
2314,14928
2315,15081
2316,15236
2317,15030
2318,15165
2319,15127
2320,15011
2321,14976
2322,14933
2323,14371
2324,14158
2325,14356
2326,13887
2327,12840
2328,11792
2329,10829
2330,10156
2331,9839
2332,9710
2333,9813
2334,10163
2335,11576
2336,13398
2337,14836
2338,15466
2339,15507
2340,15510
2341,15301
2342,15379
2343,15213
2344,15008
2345,14998
2346,15075
2347,14470
2348,14203
2349,14206
2350,14096
2351,13057
2352,12002
2353,10870
2354,10194
2355,9803
2356,9704
2357,9796
2358,10248
2359,11588
2360,13364
2361,14688
2362,15179
2363,15155
2364,15147
2365,14929
2366,14955
2367,14806
2368,14685
2369,14657
2370,14697
2371,14075
2372,13756
2373,13919
2374,13938
2375,12933
2376,11848
2377,10822
2378,10160
2379,9899
2380,9775
2381,9876
2382,10302
2383,11627
2384,13471
2385,14790
2386,15358
2387,15451
2388,15456
2389,15228
2390,15203
2391,15151
2392,15052
2393,15049
2394,15029
2395,14393
2396,13997
2397,14071
2398,13996
2399,12920
2400,12001
2401,10900
2402,10184
2403,9898
2404,9787
2405,9802
2406,10217
2407,11456
2408,13262
2409,14589
2410,15229
2411,15245
2412,15184
2413,14906
2414,14864
2415,14751
2416,14565
2417,14429
2418,14436
2419,13808
2420,13367
2421,13381
2422,13363
2423,12455
2424,11676
2425,10737
2426,10046
2427,9628
2428,9425
2429,9409
2430,9437
2431,9792
2432,10430
2433,11463
2434,12307
2435,12613
2436,12571
2437,12296
2438,12052
2439,11838
2440,11770
2441,11919
2442,12319
2443,12354
2444,12276
2445,12330
2446,12215
2447,11672
2448,10954
2449,10173
2450,9551
2451,9203
2452,9007
2453,8926
2454,8972
2455,9081
2456,9310
2457,10055
2458,10739
2459,11161
2460,11401
2461,11529
2462,11393
2463,11179
2464,11035
2465,11116
2466,11693
2467,11897
2468,11902
2469,12098
2470,12321
2471,11710
2472,10753
2473,9943
2474,9415
2475,9238
2476,9179
2477,9355
2478,9948
2479,11416
2480,13307
2481,14811
2482,15293
2483,15318
2484,15385
2485,15163
2486,15181
2487,15065
2488,14878
2489,14829
2490,14784
2491,14171
2492,13904
2493,13844
2494,13978
2495,12943
2496,11925
2497,10856
2498,10165
2499,9896
2500,9778
2501,9856
2502,10371
2503,11597
2504,13347
2505,14683
2506,15265
2507,15320
2508,15419
2509,15251
2510,15233
2511,15060
2512,14820
2513,14787
2514,14853
2515,14081
2516,13848
2517,13834
2518,13993
2519,12936
2520,11916
2521,10844
2522,10173
2523,9851
2524,9778
2525,9910
2526,10388
2527,11645
2528,13460
2529,14820
2530,15222
2531,15129
2532,15080
2533,14796
2534,14767
2535,14597
2536,14460
2537,14358
2538,14424
2539,13830
2540,13525
2541,13424
2542,13771
2543,12754
2544,11819
2545,10835
2546,10169
2547,9853
2548,9720
2549,9803
2550,10238
2551,11462
2552,13247
2553,14560
2554,15076
2555,15120
2556,15083
2557,14840
2558,14754
2559,14633
2560,14584
2561,14782
2562,14934
2563,14401
2564,14140
2565,14271
2566,13942
2567,12889
2568,11864
2569,10791
2570,10142
2571,9802
2572,9667
2573,9676
2574,10052
2575,11031
2576,12566
2577,13992
2578,14689
2579,14803
2580,14783
2581,14627
2582,14543
2583,14344
2584,14046
2585,13952
2586,14084
2587,13494
2588,13073
2589,12933
2590,13045
2591,12248
2592,11421
2593,10500
2594,9788
2595,9382
2596,9208
2597,9136
2598,9237
2599,9584
2600,10278
2601,11301
2602,12231
2603,12594
2604,12492
2605,12153
2606,11806
2607,11480
2608,11278
2609,11347
2610,11740
2611,11857
2612,11792
2613,11773
2614,12083
2615,11492
2616,10748
2617,9945
2618,9281
2619,8900
2620,8681
2621,8585
2622,8617
2623,8615
2624,8911
2625,9829
2626,10410
2627,10627
2628,10585
2629,10498
2630,10296
2631,10171
2632,10119
2633,10252
2634,10939
2635,11238
2636,11116
2637,11171
2638,11667
2639,11154
2640,10448
2641,9727
2642,9126
2643,8797
2644,8696
2645,8657
2646,8740
2647,8817
2648,9284
2649,10144
2650,11000
2651,11536
2652,11763
2653,11845
2654,11700
2655,11519
2656,11356
2657,11533
2658,12160
2659,12176
2660,12021
2661,12057
2662,12166
2663,11578
2664,10634
2665,9880
2666,9307
2667,9062
2668,9011
2669,9112
2670,9588
2671,10792
2672,12652
2673,14151
2674,14876
2675,15034
2676,15060
2677,14908
2678,14908
2679,14763
2680,14680
2681,14583
2682,14515
2683,13851
2684,13502
2685,13162
2686,13521
2687,12656
2688,11615
2689,10585
2690,9890
2691,9567
2692,9437
2693,9458
2694,9866
2695,10946
2696,12807
2697,14264
2698,14826
2699,14888
2700,14897
2701,14772
2702,14848
2703,14734
2704,14680
2705,14628
2706,14676
2707,13962
2708,13484
2709,13293
2710,13588
2711,12726
2712,11799
2713,10745
2714,9998
2715,9691
2716,9557
2717,9608
2718,9990
2719,11101
2720,12910
2721,14274
2722,14922
2723,15078
2724,15056
2725,14878
2726,14975
2727,14954
2728,14835
2729,14779
2730,14821
2731,14394
2732,14052
2733,13813
2734,13744
2735,12765
2736,11848
2737,10834
2738,10107
2739,9785
2740,9616
2741,9630
2742,9994
2743,10958
2744,12719
2745,14129
2746,14707
2747,14878
2748,14996
2749,14758
2750,14764
2751,14644
2752,14431
2753,14319
2754,14382
2755,13878
2756,13475
2757,13148
2758,12998
2759,12230
2760,11466
2761,10511
2762,9802
2763,9410
2764,9218
2765,9127
2766,9128
2767,9230
2768,9815
2769,10582
2770,11245
2771,11408
2772,11419
2773,11263
2774,11097
2775,10904
2776,10800
2777,10942
2778,11391
2779,11483
2780,11392
2781,11338
2782,11526
2783,11175
2784,10533
2785,9843
2786,9217
2787,8858
2788,8689
2789,8635
2790,8652
2791,8584
2792,8931
2793,9758
2794,10518
2795,11066
2796,11448
2797,11703
2798,11592
2799,11338
2800,11093
2801,11057
2802,11603
2803,11699
2804,11527
2805,11496
2806,11820
2807,11461
2808,10558
2809,9749
2810,9244
2811,9045
2812,9016
2813,9084
2814,9501
2815,10525
2816,12174
2817,13707
2818,14408
2819,14649
2820,14801
2821,14746
2822,14857
2823,14696
2824,14552
2825,14439
2826,14417
2827,13762
2828,13293
2829,12966
2830,13148
2831,12456
2832,11588
2833,10621
2834,9939
2835,9636
2836,9490
2837,9545
2838,9871
2839,10817
2840,12437
2841,13970
2842,14746
2843,15209
2844,15411
2845,15197
2846,15148
2847,15047
2848,14885
2849,14696
2850,14718
2851,14057
2852,13613
2853,13339
2854,13476
2855,12612
2856,11789
2857,10819
2858,10125
2859,9790
2860,9700
2861,9715
2862,10055
2863,10909
2864,12443
2865,13966
2866,14771
2867,14973
2868,14991
2869,14842
2870,14781
2871,14646
2872,14465
2873,14466
2874,14478
2875,13793
2876,13443
2877,13202
2878,13356
2879,12593
2880,11727
2881,10693
2882,9984
2883,9679
2884,9535
2885,9587
2886,9962
2887,10809
2888,12472
2889,13953
2890,14742
2891,14973
2892,15065
2893,14846
2894,14830
2895,14718
2896,14594
2897,14506
2898,14555
2899,14024
2900,13676
2901,13381
2902,13443
2903,12619
2904,11836
2905,10806
2906,10119
2907,9794
2908,9639
2909,9618
2910,9951
2911,10849
2912,12435
2913,13931
2914,14640
2915,14946
2916,15064
2917,14911
2918,14854
2919,14693
2920,14406
2921,14212
2922,14287
2923,13756
2924,13347
2925,12985
2926,12892
2927,12320
2928,11566
2929,10645
2930,9878
2931,9488
2932,9266
2933,9224
2934,9249
2935,9400
2936,10090
2937,10978
2938,11892
2939,12236
2940,12279
2941,12191
2942,11970
2943,11683
2944,11515
2945,11561
2946,11815
2947,11817
2948,11671
2949,11487
2950,11724
2951,11483
2952,10783
2953,10069
2954,9447
2955,9129
2956,8971
2957,8838
2958,8806
2959,8628
2960,9031
2961,9673
2962,10281
2963,10766
2964,11017
2965,11161
2966,10980
2967,10771
2968,10627
2969,10821
2970,11497
2971,11691
2972,11553
2973,11355
2974,11788
2975,11546
2976,10774
2977,10025
2978,9475
2979,9211
2980,9147
2981,9234
2982,9624
2983,10446
2984,11963
2985,13419
2986,14034
2987,14270
2988,14306
2989,14112
2990,14221
2991,14044
2992,13899
2993,13840
2994,14016
2995,13474
2996,13198
2997,12853
2998,13007
2999,12446
3000,11660
3001,10674
3002,9990
3003,9646
3004,9547
3005,9585
3006,9917
3007,10829
3008,12566
3009,13944
3010,14689
3011,14943
3012,15102
3013,15020
3014,14976
3015,14880
3016,14778
3017,14704
3018,14599
3019,13946
3020,13651
3021,13303
3022,13318
3023,12713
3024,11867
3025,10865
3026,10101
3027,9746
3028,9637
3029,9624
3030,9943
3031,10836
3032,12592
3033,14115
3034,14744
3035,15054
3036,15218
3037,14978
3038,15090
3039,14993
3040,14822
3041,14693
3042,14633
3043,13881
3044,13592
3045,13239
3046,13299
3047,12710
3048,11889
3049,10834
3050,10120
3051,9826
3052,9688
3053,9684
3054,10004
3055,10967
3056,12779
3057,14389
3058,15064
3059,15325
3060,15433
3061,15335
3062,15393
3063,15378
3064,15288
3065,15231
3066,15220
3067,14761
3068,14487
3069,14052
3070,13844
3071,12957
3072,12035
3073,11012
3074,10260
3075,9929
3076,9766
3077,9797
3078,10098
3079,10909
3080,12657
3081,14320
3082,15138
3083,15387
3084,15460
3085,15127
3086,15052
3087,14837
3088,14602
3089,14404
3090,14471
3091,14106
3092,13758
3093,13194
3094,12910
3095,12455
3096,11747
3097,10743
3098,9999
3099,9554
3100,9393
3101,9280
3102,9180
3103,9221
3104,10007
3105,11175
3106,12338
3107,12921
3108,13128
3109,13181
3110,13019
3111,12829
3112,12589
3113,12461
3114,12582
3115,12372
3116,12031
3117,11835
3118,11894
3119,11642
3120,10998
3121,10303
3122,9509
3123,9030
3124,8760
3125,8651
3126,8590
3127,8493
3128,8920
3129,9799
3130,10633
3131,11287
3132,11622
3133,11754
3134,11628
3135,11429
3136,11251
3137,11207
3138,11720
3139,11931
3140,11913
3141,11865
3142,11945
3143,11646
3144,10718
3145,9847
3146,9289
3147,9102
3148,9075
3149,9142
3150,9522
3151,10657
3152,12638
3153,14257
3154,15027
3155,15167
3156,15257
3157,15101
3158,15167
3159,15037
3160,14906
3161,14928
3162,14887
3163,14229
3164,13802
3165,13213
3166,13093
3167,12617
3168,11693
3169,10667
3170,10000
3171,9678
3172,9524
3173,9584
3174,9878
3175,10972
3176,12892
3177,14254
3178,14947
3179,15094
3180,15163
3181,14931
3182,14948
3183,14787
3184,14603
3185,14521
3186,14451
3187,13785
3188,13355
3189,12963
3190,12864
3191,12679
3192,11719
3193,10717
3194,9991
3195,9629
3196,9473
3197,9538
3198,9792
3199,10737
3200,12676
3201,14089
3202,14737
3203,15013
3204,15190
3205,15076
3206,15100
3207,14887
3208,14675
3209,14570
3210,14478
3211,13815
3212,13400
3213,12934
3214,12908
3215,12683
3216,11804
3217,10779
3218,10038
3219,9707
3220,9509
3221,9527
3222,9772
3223,10758
3224,12748
3225,14140
3226,14774
3227,14855
3228,14967
3229,14702
3230,14693
3231,14513
3232,14388
3233,14351
3234,14391
3235,13775
3236,13440
3237,13054
3238,12842
3239,12566
3240,11807
3241,10827
3242,10063
3243,9690
3244,9547
3245,9560
3246,9793
3247,10726
3248,12583
3249,14034
3250,14627
3251,14744
3252,14697
3253,14403
3254,14329
3255,14107
3256,13878
3257,13767
3258,13874
3259,13481
3260,13010
3261,12493
3262,12228
3263,12190
3264,11511
3265,10552
3266,9816
3267,9336
3268,9154
3269,9087
3270,8925
3271,9113
3272,9900
3273,10888
3274,11792
3275,12117
3276,12083
3277,11866
3278,11638
3279,11387
3280,11199
3281,11224
3282,11535
3283,11585
3284,11416
3285,11244
3286,11153
3287,11289
3288,10694
3289,9824
3290,9271
3291,8927
3292,8706
3293,8580
3294,8376
3295,8320
3296,8687
3297,9420
3298,10156
3299,10584
3300,10685
3301,10710
3302,10567
3303,10344
3304,10257
3305,10471
3306,11099
3307,11276
3308,11320
3309,11215
3310,11201
3311,11385
3312,10604
3313,9845
3314,9336
3315,9149
3316,9098
3317,9135
3318,9307
3319,10347
3320,12247
3321,13808
3322,14451
3323,14599
3324,14756
3325,14704
3326,14866
3327,14774
3328,14684
3329,14692
3330,14589
3331,13864
3332,13354
3333,12855
3334,12617
3335,12613
3336,11820
3337,10735
3338,10026
3339,9697
3340,9616
3341,9579
3342,9719
3343,10696
3344,12621
3345,14075
3346,14857
3347,15116
3348,15307
3349,15117
3350,15197
3351,15169
3352,15079
3353,15040
3354,14878
3355,14082
3356,13628
3357,13030
3358,12890
3359,12674
3360,11836
3361,10828
3362,10138
3363,9867
3364,9696
3365,9700
3366,9829
3367,10719
3368,12567
3369,14083
3370,14855
3371,15078
3372,15203
3373,15130
3374,15326
3375,15242
3376,15146
3377,15101
3378,14897
3379,14122
3380,13718
3381,13287
3382,13156
3383,12773
3384,11920
3385,10854
3386,10197
3387,9937
3388,9784
3389,9799
3390,9887
3391,10858
3392,12721
3393,14121
3394,14699
3395,14781
3396,14794
3397,14692
3398,14779
3399,14796
3400,14770
3401,14710
3402,14627
3403,13943
3404,13638
3405,13282
3406,12896
3407,12528
3408,11744
3409,10757
3410,10053
3411,9715
3412,9599
3413,9583
3414,9697
3415,10616
3416,12488
3417,14028
3418,14764
3419,14990
3420,15112
3421,14915
3422,14998
3423,14813
3424,14496
3425,14288
3426,14211
3427,13575
3428,13111
3429,12678
3430,12273
3431,12211
3432,11612
3433,10653
3434,9944
3435,9518
3436,9321
3437,9187
3438,8956
3439,9180
3440,9928
3441,10965
3442,12002
3443,12364
3444,12412
3445,12238
3446,11993
3447,11843
3448,11645
3449,11582
3450,11788
3451,11776
3452,11575
3453,11376
3454,11201
3455,11276
3456,10763
3457,10029
3458,9360
3459,8980
3460,8772
3461,8655
3462,8383
3463,8354
3464,8718
3465,9417
3466,10151
3467,10619
3468,10885
3469,11035
3470,10919
3471,10738
3472,10582
3473,10700
3474,11231
3475,11392
3476,11313
3477,11213
3478,11103
3479,11364
3480,10699
3481,9935
3482,9419
3483,9203
3484,9145
3485,9228
3486,9439
3487,10499
3488,12375
3489,13936
3490,14622
3491,14902
3492,15133
3493,15087
3494,15319
3495,15265
3496,15196
3497,15156
3498,15035
3499,14224
3500,13778
3501,13185
3502,12898
3503,12555
3504,11747
3505,10696
3506,10053
3507,9742
3508,9600
3509,9617
3510,9815
3511,10911
3512,12699
3513,14260
3514,14938
3515,15226
3516,15379
3517,15382
3518,15448
3519,15381
3520,15353
3521,15324
3522,15256
3523,14491
3524,14025
3525,13535
3526,13196
3527,12774
3528,11898
3529,10835
3530,10135
3531,9835
3532,9710
3533,9720
3534,9907
3535,10916
3536,12799
3537,14280
3538,15054
3539,15284
3540,15408
3541,15256
3542,15284
3543,15152
3544,14961
3545,14804
3546,14656
3547,13965
3548,13511
3549,13019
3550,12726
3551,12189
3552,11516
3553,10519
3554,9708
3555,9321
3556,9161
3557,9054
3558,8913
3559,8984
3560,9578
3561,10384
3562,11130
3563,11673
3564,11867
3565,11873
3566,11688
3567,11473
3568,11316
3569,11365
3570,11820
3571,11797
3572,11564
3573,11237
3574,11082
3575,11246
3576,10648
3577,9853
3578,9226
3579,8926
3580,8839
3581,8838
3582,8876
3583,9579
3584,10619
3585,11787
3586,12547
3587,12853
3588,12894
3589,12803
3590,12746
3591,12497
3592,12265
3593,12369
3594,12682
3595,12596
3596,12267
3597,11858
3598,11449
3599,11598
3600,11198
3601,10318
3602,9597
3603,9211
3604,9047
3605,8930
3606,8652
3607,8964
3608,9636
3609,10570
3610,11424
3611,11784
3612,11849
3613,11715
3614,11540
3615,11287
3616,11118
3617,11176
3618,11420
3619,11439
3620,11245
3621,11085
3622,10847
3623,11129
3624,10656
3625,9867
3626,9264
3627,8910
3628,8766
3629,8661
3630,8354
3631,8329
3632,8607
3633,9247
3634,9971
3635,10444
3636,10761
3637,10900
3638,10744
3639,10510
3640,10337
3641,10445
3642,11000
3643,11203
3644,11167
3645,11093
3646,10884
3647,11206
3648,10573
3649,9737
3650,9194
3651,9012
3652,8918
3653,9006
3654,9153
3655,10190
3656,12091
3657,13569
3658,14201
3659,14383
3660,14619
3661,14497
3662,14543
3663,14500
3664,14400
3665,14327
3666,14239
3667,13553
3668,13161
3669,12626
3670,12247
3671,12216
3672,11557
3673,10609
3674,9916
3675,9581
3676,9438
3677,9430
3678,9515
3679,10546
3680,12400
3681,13829
3682,14512
3683,14729
3684,14849
3685,14798
3686,14881
3687,14827
3688,14685
3689,14664
3690,14593
3691,13874
3692,13465
3693,13049
3694,12624
3695,12500
3696,11776
3697,10802
3698,9994
3699,9697
3700,9565
3701,9521
3702,9560
3703,10562
3704,12456
3705,13993
3706,14748
3707,15006
3708,15126
3709,14981
3710,15010
3711,15013
3712,14880
3713,14792
3714,14749
3715,13971
3716,13679
3717,13236
3718,12844
3719,12546
3720,11698
3721,10610
3722,9825
3723,9488
3724,9354
3725,9339
3726,9394
3727,10582
3728,12490
3729,13927
3730,14566
3731,14784
3732,14947
3733,14775
3734,14888
3735,14764
3736,14624
3737,14604
3738,14462
3739,13813
3740,13365
3741,12885
3742,12358
3743,12302
3744,11682
3745,10611
3746,9897
3747,9546
3748,9393
3749,9391
3750,9392
3751,10401
3752,12254
3753,13688
3754,14398
3755,14585
3756,14653
3757,14497
3758,14516
3759,14388
3760,14139
3761,14011
3762,13984
3763,13411
3764,12965
3765,12491
3766,11893
3767,11869
3768,11527
3769,10589
3770,9882
3771,9370
3772,9117
3773,9028
3774,8771
3775,9098
3776,9878
3777,10954
3778,11907
3779,12274
3780,12370
3781,12343
3782,12251
3783,12143
3784,12040
3785,12003
3786,11974
3787,11858
3788,11621
3789,11411
3790,11191
3791,11280
3792,10908
3793,10135
3794,9500
3795,9126
3796,8900
3797,8767
3798,8430
3799,8392
3800,8773
3801,9442
3802,10165
3803,10662
3804,10888
3805,11009
3806,10762
3807,10420
3808,10216
3809,10287
3810,10763
3811,11084
3812,11033
3813,10938
3814,10764
3815,11078
3816,10734
3817,10015
3818,9399
3819,9042
3820,8922
3821,8888
3822,8710
3823,8755
3824,9260
3825,10107
3826,10898
3827,11388
3828,11688
3829,11836
3830,11819
3831,11631
3832,11497
3833,11590
3834,12100
3835,12231
3836,12133
3837,11951
3838,11828
3839,11816
3840,11079
3841,10282
3842,9716
3843,9462
3844,9327
3845,9354
3846,9628
3847,10792
3848,12667
3849,14163
3850,15094
3851,15431
3852,15582
3853,15544
3854,15610
3855,15655
3856,15626
3857,15536
3858,15218
3859,14285
3860,13846
3861,13213
3862,12683
3863,12567
3864,12064
3865,10948
3866,10188
3867,9842
3868,9658
3869,9612
3870,9715
3871,10785
3872,12648
3873,14116
3874,14763
3875,14846
3876,14906
3877,14758
3878,14844
3879,14744
3880,14648
3881,14545
3882,14509
3883,13699
3884,13348
3885,12869
3886,12339
3887,12280
3888,11888
3889,10870
3890,10094
3891,9728
3892,9612
3893,9590
3894,9581
3895,10644
3896,12551
3897,14024
3898,14757
3899,15019
3900,15149
3901,15003
3902,15009
3903,14951
3904,14889
3905,14800
3906,14685
3907,14054
3908,13662
3909,13202
3910,12594
3911,12463
3912,12173
3913,11076
3914,10260
3915,9898
3916,9672
3917,9658
3918,9639
3919,10678
3920,12519
3921,14009
3922,14799
3923,14937
3924,15093
3925,14891
3926,14907
3927,14783
3928,14566
3929,14317
3930,14267
3931,13634
3932,13126
3933,12493
3934,11711
3935,11658
3936,11631
3937,10856
3938,10079
3939,9552
3940,9315
3941,9153
3942,8884
3943,9099
3944,9756
3945,10733
3946,11745
3947,12227
3948,12322
3949,12155
3950,11902
3951,11687
3952,11480
3953,11455
3954,11631
3955,11607
3956,11397
3957,11144
3958,10731
3959,10929
3960,10678
3961,9975
3962,9367
3963,8966
3964,8784
3965,8639
3966,8335
3967,8345
3968,8684
3969,9376
3970,10056
3971,10521
3972,10763
3973,10922
3974,10803
3975,10597
3976,10491
3977,10580
3978,11006
3979,11215
3980,11145
3981,11179
3982,10911
3983,11157
3984,10697
3985,9863
3986,9329
3987,9058
3988,8957
3989,9043
3990,9281
3991,10407
3992,12307
3993,13858
3994,14475
3995,14697
3996,14949
3997,14849
3998,14919
3999,14757
4000,14664
4001,14590
4002,14475
4003,13718
4004,13239
4005,12789
4006,12338
4007,12213
4008,11598
4009,10591
4010,9853
4011,9552
4012,9326
4013,9376
4014,9518
4015,10558
4016,12433
4017,13961
4018,14692
4019,14876
4020,14951
4021,14755
4022,14838
4023,14715
4024,14582
4025,14507
4026,14397
4027,13694
4028,13211
4029,12517
4030,11855
4031,11842
4032,11448
4033,10400
4034,9637
4035,9335
4036,9209
4037,9219
4038,9321
4039,10362
4040,12263
4041,13820
4042,14590
4043,14852
4044,14962
4045,14860
4046,14891
4047,14751
4048,14522
4049,14400
4050,14143
4051,12948
4052,12283
4053,12149
4054,11919
4055,11979
4056,11517
4057,10492
4058,9818
4059,9455
4060,9402
4061,9411
4062,9444
4063,10437
4064,12337
4065,13817
4066,14603
4067,14866
4068,14982
4069,14822
4070,14949
4071,14862
4072,14733
4073,14656
4074,14507
4075,13860
4076,13418
4077,12910
4078,12369
4079,12138
4080,11599
4081,10587
4082,9902
4083,9563
4084,9379
4085,9384
4086,9549
4087,10545
4088,12396
4089,13898
4090,14573
4091,14772
4092,14810
4093,14625
4094,14571
4095,14460
4096,14293
4097,14096
4098,14090
4099,13526
4100,12988
4101,12420
4102,11908
4103,11748
4104,11399
4105,10492
4106,9717
4107,9313
4108,9111
4109,8975
4110,8727
4111,8994
4112,9725
4113,10725
4114,11744
4115,12179
4116,12252
4117,12120
4118,11894
4119,11731
4120,11545
4121,11555
4122,11727
4123,11656
4124,11448
4125,11235
4126,10852
4127,10981
4128,10717
4129,9963
4130,9294
4131,8902
4132,8702
4133,8516
4134,8136
4135,8166
4136,8492
4137,9207
4138,9979
4139,10494
4140,10790
4141,10943
4142,10839
4143,10624
4144,10497
4145,10592
4146,11167
4147,11396
4148,11285
4149,11127
4150,10854
4151,11056
4152,10620
4153,9852
4154,9342
4155,9083
4156,8990
4157,8998
4158,9098
4159,10201
4160,12057
4161,13638
4162,14310
4163,14500
4164,14676
4165,14565
4166,14672
4167,14625
4168,14528
4169,14440
4170,14279
4171,13251
4172,12647
4173,12418
4174,12198
4175,12135
4176,11694
4177,10687
4178,9957
4179,9628
4180,9519
4181,9511
4182,9592
4183,10570
4184,12380
4185,13888
4186,14644
4187,14836
4188,14967
4189,14849
4190,14966
4191,14975
4192,14848
4193,14730
4194,14593
4195,13798
4196,13321
4197,12828
4198,12397
4199,12199
4200,11667
4201,10658
4202,9927
4203,9575
4204,9394
4205,9399
4206,9449
4207,10443
4208,12273
4209,13744
4210,14409
4211,14631
4212,14813
4213,14646
4214,14696
4215,14545
4216,14442
4217,14361
4218,14329
4219,13629
4220,13173
4221,12699
4222,12231
4223,12179
4224,11794
4225,10747
4226,9961
4227,9610
4228,9461
4229,9448
4230,9540
4231,10533
4232,12373
4233,13863
4234,14585
4235,14810
4236,14960
4237,14780
4238,14798
4239,14769
4240,14643
4241,14562
4242,14508
4243,13975
4244,13562
4245,13055
4246,12461
4247,12313
4248,11863
4249,10863
4250,10107
4251,9760
4252,9633
4253,9594
4254,9661
4255,10622
4256,12453
4257,14007
4258,14822
4259,15140
4260,15267
4261,15060
4262,15034
4263,14878
4264,14701
4265,14539
4266,14420
4267,13828
4268,13301
4269,12726
4270,12128
4271,12062
4272,11643
4273,10713
4274,9979
4275,9542
4276,9344
4277,9225
4278,8947
4279,9166
4280,9873
4281,10888
4282,11869
4283,12328
4284,12420
4285,12319
4286,12147
4287,11996
4288,11804
4289,11851
4290,12120
4291,11957
4292,11674
4293,11308
4294,11149
4295,11233
4296,10793
4297,10044
4298,9433
4299,9048
4300,8858
4301,8756
4302,8467
4303,8413
4304,8758
4305,9458
4306,10194
4307,10760
4308,11148
4309,11367
4310,11237
4311,11039
4312,10855
4313,11072
4314,11604
4315,11112
4316,10792
4317,10809
4318,11015
4319,11344
4320,10899
4321,10152
4322,9536
4323,9274
4324,9181
4325,9225
4326,9339
4327,10393
4328,12254
4329,13770
4330,14439
4331,14666
4332,14847
4333,14758
4334,14858
4335,14581
4336,14421
4337,14409
4338,14374
4339,13669
4340,13229
4341,12719
4342,12317
4343,12211
4344,11809
4345,10860
4346,9976
4347,9619
4348,9440
4349,9448
4350,9480
4351,10547
4352,12373
4353,13837
4354,14471
4355,14627
4356,14754
4357,14618
4358,14624
4359,14573
4360,14470
4361,14421
4362,14369
4363,13671
4364,13265
4365,12726
4366,12342
4367,12192
4368,11812
4369,10849
4370,10031
4371,9696
4372,9553
4373,9508
4374,9548
4375,10558
4376,12339
4377,13793
4378,14521
4379,14758
4380,14834
4381,14693
4382,14776
4383,14699
4384,14524
4385,14383
4386,14357
4387,13689
4388,13272
4389,12807
4390,12433
4391,12283
4392,11779
4393,10790
4394,10069
4395,9739
4396,9579
4397,9549
4398,9549
4399,10565
4400,12384
4401,13857
4402,14630
4403,14866
4404,15034
4405,14921
4406,15037
4407,15004
4408,14926
4409,14861
4410,14748
4411,14210
4412,13789
4413,13326
4414,12697
4415,12506
4416,12134
4417,11072
4418,10321
4419,9969
4420,9767
4421,9693
4422,9679
4423,10643
4424,12451
4425,14043
4426,14933
4427,15275
4428,15446
4429,15372
4430,15394
4431,15252
4432,15144
4433,15043
4434,14961
4435,14348
4436,13799
4437,13288
4438,12800
4439,12530
4440,12140
4441,11200
4442,10376
4443,9930
4444,9693
4445,9554
4446,9294
4447,9489
4448,10230
4449,11299
4450,12352
4451,12925
4452,13109
4453,13056
4454,12854
4455,12572
4456,12306
4457,12203
4458,12373
4459,12225
4460,11813
4461,11511
4462,11165
4463,11163
4464,11028
4465,10630
4466,10264
4467,9640
4468,9258
4469,9029
4470,8719
4471,8594
4472,8880
4473,9483
4474,10099
4475,10731
4476,11210
4477,11510
4478,11521
4479,11439
4480,11340
4481,11453
4482,11924
4483,12027
4484,11967
4485,11754
4486,11533
4487,11491
4488,10881
4489,10175
4490,9602
4491,9355
4492,9267
4493,9310
4494,9369
4495,10335
4496,12098
4497,13613
4498,14352
4499,14564
4500,14764
4501,14728
4502,14918
4503,14839
4504,14755
4505,14647
4506,14537
4507,13811
4508,13355
4509,12937
4510,12616
4511,12480
4512,11884
4513,10873
4514,10201
4515,9879
4516,9698
4517,9726
4518,9902
4519,10852
4520,12609
4521,14182
4522,15009
4523,15309
4524,15421
4525,15372
4526,15384
4527,15218
4528,15042
4529,14955
4530,14788
4531,13962
4532,13482
4533,12998
4534,12629
4535,12397
4536,11935
4537,10931
4538,10089
4539,9729
4540,9546
4541,9567
4542,9730
4543,10638
4544,12462
4545,14029
4546,14884
4547,15255
4548,15552
4549,15503
4550,15616
4551,15552
4552,15374
4553,15217
4554,15140
4555,14351
4556,13739
4557,13138
4558,12599
4559,12036
4560,11860
4561,11330
4562,10601
4563,9954
4564,9700
4565,9615
4566,9680
4567,10575
4568,12290
4569,13808
4570,14728
4571,15156
4572,15355
4573,15306
4574,15447
4575,15429
4576,15354
4577,15256
4578,15116
4579,14431
4580,13928
4581,13440
4582,12901
4583,12598
4584,12116
4585,11161
4586,10472
4587,10151
4588,10008
4589,9947
4590,10002
4591,10821
4592,12551
4593,14126
4594,15067
4595,15388
4596,15424
4597,15254
4598,15265
4599,15099
4600,14891
4601,14711
4602,14639
4603,13982
4604,13489
4605,12957
4606,12421
4607,12210
4608,11833
4609,10828
4610,10136
4611,9735
4612,9449
4613,9221
4614,9100
4615,9344
4616,10038
4617,10984
4618,11990
4619,12470
4620,12565
4621,12490
4622,12289
4623,12101
4624,11909
4625,11904
4626,11915
4627,11863
4628,11464
4629,11201
4630,11091
4631,11138
4632,10842
4633,10338
4634,9615
4635,9176
4636,8925
4637,8819
4638,8587
4639,8470
4640,8771
4641,9426
4642,10164
4643,10711
4644,11091
4645,11282
4646,11217
4647,10988
4648,10865
4649,10924
4650,11404
4651,11657
4652,11560
4653,11482
4654,11324
4655,11502
4656,11134
4657,10316
4658,9673
4659,9385
4660,9311
4661,9342
4662,9566
4663,10545
4664,12208
4665,13796
4666,14496
4667,14824
4668,14969
4669,14797
4670,14822
4671,14770
4672,14572
4673,14463
4674,14313
4675,13544
4676,13027
4677,12536
4678,12043
4679,12057
4680,11588
4681,10669
4682,10029
4683,9700
4684,9569
4685,9527
4686,9620
4687,10561
4688,12224
4689,13727
4690,14545
4691,14872
4692,15063
4693,14954
4694,15024
4695,14900
4696,14740
4697,14630
4698,14481
4699,13694
4700,13233
4701,12762
4702,12403
4703,12313
4704,11787
4705,10857
4706,10180
4707,9848
4708,9696
4709,9748
4710,9809
4711,10602
4712,12220
4713,13774
4714,14572
4715,14930
4716,15052
4717,14948
4718,15030
4719,14944
4720,14774
4721,14711
4722,14674
4723,13821
4724,13370
4725,12928
4726,12542
4727,12544
4728,12010
4729,11096
4730,10355
4731,10034
4732,9881
4733,9865
4734,10007
4735,10748
4736,12403
4737,13921
4738,14766
4739,15102
4740,15351
4741,15234
4742,15301
4743,15219
4744,15118
4745,14998
4746,14806
4747,14251
4748,13855
4749,13404
4750,12839
4751,12751
4752,12249
4753,11257
4754,10528
4755,10136
4756,9952
4757,9962
4758,10049
4759,10867
4760,12458
4761,13987
4762,14953
4763,15334
4764,15542
4765,15402
4766,15415
4767,15256
4768,15075
4769,14911
4770,14784
4771,14284
4772,13827
4773,13326
4774,12691
4775,12662
4776,12299
4777,11484
4778,10704
4779,10204
4780,9971
4781,9827
4782,9604
4783,9751
4784,10488
4785,11531
4786,12429
4787,12722
4788,13029
4789,12939
4790,12772
4791,12566
4792,12455
4793,12492
4794,12496
4795,12452
4796,12365
4797,12098
4798,11976
4799,12026
4800,11516
4801,10761
4802,10181
4803,9804
4804,9569
4805,9467
4806,9318
4807,9126
4808,9384
4809,10018
4810,10639
4811,11097
4812,11453
4813,11722
4814,11669
4815,11515
4816,11425
4817,11485
4818,11884
4819,11939
4820,11888
4821,11772
4822,11736
4823,11876
4824,11327
4825,10574
4826,10030
4827,9744
4828,9664
4829,9692
4830,9989
4831,10821
4832,12355
4833,13883
4834,14661
4835,15008
4836,15265
4837,15264
4838,15299
4839,15184
4840,15011
4841,14885
4842,14737
4843,13976
4844,13545
4845,13099
4846,12813
4847,12531
4848,11857
4849,10910
4850,10310
4851,10006
4852,9855
4853,9867
4854,10012
4855,10775
4856,12326
4857,13776
4858,14563
4859,14862
4860,14945
4861,14724
4862,14860
4863,14842
4864,14764
4865,14688
4866,14543
4867,13788
4868,13317
4869,12852
4870,12496
4871,12521
4872,12033
4873,11104
4874,10434
4875,10079
4876,9853
4877,9819
4878,9966
4879,10789
4880,12280
4881,13721
4882,14557
4883,14874
4884,15080
4885,14975
4886,15040
4887,15028
4888,14921
4889,14654
4890,14560
4891,13837
4892,13358
4893,12954
4894,12640
4895,12648
4896,12135
4897,11215
4898,10481
4899,10092
4900,9964
4901,9862
4902,9993
4903,10737
4904,12203
4905,13616
4906,14416
4907,14729
4908,14848
4909,14760
4910,14867
4911,14875
4912,14760
4913,14662
4914,14510
4915,13885
4916,13482
4917,13065
4918,12617
4919,12573
4920,12012
4921,11083
4922,10425
4923,10071
4924,9872
4925,9831
4926,10044
4927,10722
4928,12072
4929,13403
4930,14260
4931,14600
4932,14781
4933,14643
4934,14583
4935,14472
4936,14213
4937,14054
4938,13969
4939,13243
4940,12743
4941,12299
4942,11962
4943,11881
4944,11398
4945,10574
4946,9924
4947,9585
4948,9358
4949,9239
4950,9227
4951,9251
4952,9849
4953,10722
4954,11663
4955,12119
4956,12209
4957,12178
4958,12067
4959,11967
4960,11837
4961,11857
4962,11913
4963,11866
4964,11642
4965,11437
4966,11228
4967,11455
4968,10958
4969,10256
4970,9647
4971,9312
4972,9158
4973,9024
4974,8897
4975,8684
4976,8948
4977,9501
4978,10091
4979,10572
4980,10831
4981,11038
4982,10978
4983,10825
4984,10720
4985,10831
4986,11236
4987,11446
4988,11331
4989,11213
4990,11222
4991,11425
4992,10849
4993,10153
4994,9669
4995,9439
4996,9321
4997,9317
4998,9542
4999,10267
5000,11739
5001,13264
5002,14047
5003,14335
5004,14534
5005,14467
5006,14534
5007,14497
5008,14383
5009,14278
5010,14209
5011,13452
5012,12930
5013,12510
5014,12248
5015,12130
5016,11584
5017,10710
5018,10085
5019,9751
5020,9648
5021,9642
5022,9844
5023,10531
5024,11921
5025,13304
5026,14127
5027,14483
5028,14636
5029,14587
5030,14646
5031,14566
5032,14400
5033,14354
5034,14258
5035,13417
5036,12947
5037,12455
5038,12183
5039,12142
5040,11543
5041,10649
5042,9989
5043,9663
5044,9527
5045,9494
5046,9671
5047,10237
5048,11587
5049,12939
5050,13783
5051,14024
5052,14117
5053,14052
5054,14091
5055,14016
5056,13873
5057,13749
5058,13708
5059,12988
5060,12531
5061,12135
5062,11964
5063,11919
5064,11407
5065,10499
5066,9902
5067,9547
5068,9380
5069,9346
5070,9526
5071,10042
5072,11370
5073,12633
5074,13430
5075,13706
5076,13806
5077,13781
5078,13863
5079,13918
5080,13861
5081,13902
5082,13930
5083,13472
5084,13027
5085,12636
5086,12312
5087,12146
5088,11557
5089,10642
5090,10020
5091,9675
5092,9530
5093,9515
5094,9667
5095,10207
5096,11470
5097,12803
5098,13685
5099,14012
5100,14181
5101,14110
5102,14131
5103,13963
5104,13765
5105,13682
5106,13669
5107,13164
5108,12755
5109,12376
5110,12061
5111,11991
5112,11512
5113,10718
5114,10070
5115,9651
5116,9448
5117,9321
5118,9302
5119,9280
5120,9865
5121,10749
5122,11702
5123,12142
5124,12260
5125,12215
5126,12149
5127,12098
5128,11943
5129,11927
5130,11973
5131,11819
5132,11647
5133,11327
5134,11222
5135,11362
5136,10836
5137,10194
5138,9622
5139,9282
5140,9084
5141,8984
5142,8853
5143,8651
5144,8889
5145,9443
5146,10055
5147,10451
5148,10651
5149,10789
5150,10708
5151,10576
5152,10490
5153,10654
5154,11089
5155,11345
5156,11307
5157,11182
5158,11266
5159,11396
5160,10794
5161,10145
5162,9615
5163,9387
5164,9326
5165,9334
5166,9549
5167,10138
5168,11407
5169,12739
5170,13413
5171,13691
5172,13876
5173,13804
5174,13840
5175,13719
5176,13600
5177,13570
5178,13584
5179,12946
5180,12576
5181,12183
5182,12076
5183,12033
5184,11408
5185,10516
5186,9884
5187,9580
5188,9419
5189,9434
5190,9603
5191,10203
5192,11436
5193,12680
5194,13458
5195,13693
5196,13829
5197,13706
5198,13773
5199,13720
5200,13662
5201,13647
5202,13635
5203,13058
5204,12558
5205,12160
5206,12119
5207,11997
5208,11363
5209,10458
5210,9793
5211,9503
5212,9365
5213,9315
5214,9529
5215,10080
5216,11342
5217,12729
5218,13555
5219,13907
5220,14131
5221,14148
5222,14203
5223,14180
5224,14076
5225,14002
5226,13984
5227,13269
5228,12816
5229,12369
5230,12270
5231,11955
5232,11301
5233,10439
5234,9808
5235,9504
5236,9393
5237,9399
5238,9685
5239,10291
5240,11504
5241,12838
5242,13685
5243,13972
5244,14126
5245,14024
5246,14047
5247,13997
5248,13913
5249,13882
5250,13847
5251,13345
5252,12939
5253,12547
5254,12437
5255,12185
5256,11574
5257,10683
5258,10025
5259,9661
5260,9515
5261,9515
5262,9709
5263,10304
5264,11444
5265,12789
5266,13669
5267,14076
5268,14272
5269,14276
5270,14299
5271,14172
5272,14006
5273,13961
5274,14012
5275,13471
5276,12994
5277,12616
5278,12408
5279,11958
5280,11385
5281,10496
5282,9873
5283,9538
5284,9404
5285,9325
5286,9348
5287,9435
5288,9920
5289,10696
5290,11539
5291,11927
5292,12025
5293,11928
5294,11702
5295,11552
5296,11360
5297,11339
5298,11487
5299,11491
5300,11319
5301,11136
5302,11230
5303,11164
5304,10633
5305,9975
5306,9388
5307,9033
5308,8857
5309,8780
5310,8769
5311,8601
5312,8800
5313,9339
5314,9975
5315,10525
5316,10902
5317,11163
5318,11254
5319,11275
5320,11330
5321,11290
5322,11742
5323,11894
5324,11635
5325,11372
5326,11428
5327,11329
5328,10602
5329,9884
5330,9349
5331,9136
5332,9043
5333,9075
5334,9407
5335,10149
5336,11409
5337,12822
5338,13484
5339,13744
5340,13967
5341,13927
5342,14024
5343,13942
5344,13882
5345,13735
5346,13752
5347,13144
5348,12719
5349,12294
5350,12410
5351,12013
5352,11336
5353,10480
5354,9843
5355,9527
5356,9422
5357,9429
5358,9709
5359,10329
5360,11639
5361,12926
5362,13681
5363,13980
5364,14122
5365,14070
5366,14084
5367,13973
5368,13854
5369,13742
5370,13749
5371,13129
5372,12676
5373,12293
5374,12483
5375,12092
5376,11378
5377,10520
5378,9807
5379,9483
5380,9329
5381,9371
5382,9666
5383,10276
5384,11576
5385,12892
5386,13687
5387,13987
5388,14162
5389,14051
5390,14036
5391,13964
5392,13791
5393,13720
5394,13731
5395,13104
5396,12673
5397,12279
5398,12528
5399,12099
5400,11413
5401,10520
5402,9829
5403,9529
5404,9403
5405,9435
5406,9678
5407,10371
5408,11644
5409,12924
5410,13743
5411,14075
5412,14246
5413,14219
5414,14215
5415,14122
5416,13980
5417,13869
5418,13844
5419,13319
5420,12989
5421,12728
5422,12760
5423,12112
5424,11430
5425,10519
5426,9883
5427,9527
5428,9348
5429,9340
5430,9627
5431,10417
5432,11600
5433,12951
5434,13790
5435,14165
5436,14334
5437,14224
5438,14198
5439,14002
5440,13722
5441,13527
5442,13528
5443,13034
5444,12602
5445,12227
5446,12242
5447,11712
5448,11166
5449,10282
5450,9652
5451,9283
5452,9102
5453,9024
5454,9003
5455,9057
5456,9543
5457,10384
5458,11333
5459,11806
5460,11944
5461,11874
5462,11736
5463,11608
5464,11424
5465,11381
5466,11548
5467,11439
5468,11260
5469,11119
5470,11357
5471,11055
5472,10512
5473,9788
5474,9175
5475,8827
5476,8637
5477,8560
5478,8561
5479,8457
5480,8630
5481,9237
5482,9981
5483,10561
5484,10946
5485,11246
5486,11283
5487,11138
5488,10963
5489,10915
5490,11434
5491,11572
5492,11464
5493,11329
5494,11558
5495,11230
5496,10470
5497,9740
5498,9199
5499,8983
5500,8917
5501,8989
5502,9371
5503,10356
5504,11811
5505,13156
5506,13884
5507,14211
5508,14494
5509,14394
5510,14475
5511,14339
5512,14139
5513,14031
5514,14046
5515,13454
5516,13030
5517,12652
5518,12807
5519,12188
5520,11315
5521,10373
5522,9687
5523,9401
5524,9334
5525,9370
5526,9728
5527,10701
5528,12189
5529,13513
5530,14215
5531,14454
5532,14551
5533,14362
5534,14326
5535,14233
5536,14085
5537,13988
5538,13952
5539,13375
5540,12992
5541,12665
5542,12974
5543,12256
5544,11398
5545,10421
5546,9742
5547,9425
5548,9302
5549,9321
5550,9676
5551,10560
5552,11988
5553,13381
5554,14062
5555,14282
5556,14447
5557,14313
5558,14328
5559,14328
5560,14216
5561,14096
5562,14013
5563,13372
5564,12998
5565,12745
5566,12936
5567,12182
5568,11380
5569,10418
5570,9743
5571,9382
5572,9278
5573,9307
5574,9725
5575,10589
5576,12042
5577,13388
5578,13964
5579,14234
5580,14288
5581,14203
5582,14360
5583,14253
5584,14142
5585,14076
5586,14073
5587,13581
5588,13201
5589,12962
5590,13000
5591,12136
5592,11351
5593,10369
5594,9724
5595,9420
5596,9293
5597,9311
5598,9617
5599,10618
5600,12052
5601,13498
5602,14294
5603,14594
5604,14766
5605,14619
5606,14658
5607,14608
5608,14426
5609,14316
5610,14192
5611,13683
5612,13207
5613,12809
5614,12812
5615,12066
5616,11279
5617,10318
5618,9545
5619,9162
5620,8976
5621,8921
5622,8980
5623,9231
5624,9665
5625,10656
5626,11727
5627,12163
5628,12192
5629,12093
5630,11829
5631,11574
5632,11365
5633,11330
5634,11554
5635,11558
5636,11435
5637,11416
5638,11627
5639,11206
5640,10481
5641,9713
5642,9139
5643,8754
5644,8602
5645,8527
5646,8552
5647,8524
5648,8671
5649,9226
5650,9876
5651,10369
5652,10721
5653,10931
5654,10900
5655,10687
5656,10455
5657,10496
5658,11062
5659,11271
5660,11281
5661,11321
5662,11698
5663,11210
5664,10383
5665,9591
5666,9094
5667,8899
5668,8851
5669,8910
5670,9336
5671,10444
5672,11990
5673,13526
5674,14239
5675,14462
5676,14635
5677,14567
5678,14656
5679,14630
5680,14575
5681,14572
5682,14561
5683,13949
5684,13635
5685,13481
5686,13240
5687,12265
5688,11352
5689,10361
5690,9751
5691,9497
5692,9403
5693,9457
5694,9802
5695,10972
5696,12726
5697,14129
5698,14878
5699,15036
5700,15098
5701,14902
5702,14918
5703,14826
5704,14701
5705,14569
5706,14499
5707,13807
5708,13401
5709,13127
5710,13247
5711,12343
5712,11452
5713,10462
5714,9764
5715,9446
5716,9321
5717,9335
5718,9699
5719,10825
5720,12337
5721,13708
5722,14231
5723,14394
5724,14361
5725,14220
5726,14244
5727,14169
5728,14056
5729,14096
5730,14126
5731,13506
5732,13145
5733,13100
5734,13304
5735,12361
5736,11548
5737,10513
5738,9787
5739,9481
5740,9360
5741,9408
5742,9783
5743,10806
5744,12319
5745,13715
5746,14399
5747,14665
5748,14912
5749,14899
5750,14999
5751,14994
5752,14915
5753,14852
5754,14802
5755,14180
5756,13860
5757,13829
5758,13601
5759,12529
5760,11630
5761,10751
5762,10080
5763,9721
5764,9607
5765,9629
5766,9970
5767,11019
5768,12470
5769,13869
5770,14583
5771,14813
5772,14898
5773,14708
5774,14675
5775,14565
5776,14426
5777,14304
5778,14327
5779,13737
5780,13304
5781,13237
5782,13106
5783,12181
5784,11490
5785,10571
5786,9880
5787,9476
5788,9247
5789,9170
5790,9236
5791,9563
5792,10129
5793,11155
5794,12231
5795,12707
5796,12857
5797,12788
5798,12548
5799,12278
5800,12037
5801,12010
5802,12179
5803,12110
5804,11858
5805,11890
5806,11953
5807,11397
5808,10706
5809,10009
5810,9393
5811,9010
5812,8839
5813,8772
5814,8828
5815,8836
5816,8944
5817,9618
5818,10362
5819,10896
5820,11197
5821,11415
5822,11283
5823,11055
5824,10908
5825,11056
5826,11606
5827,11783
5828,11692
5829,11821
5830,12037
5831,11433
5832,10599
5833,9825
5834,9360
5835,9133
5836,9070
5837,9151
5838,9539
5839,10785
5840,12429
5841,13772
5842,14342
5843,14560
5844,14742
5845,14542
5846,14658
5847,14619
5848,14538
5849,14522
5850,14521
5851,13833
5852,13561
5853,13645
5854,13530
5855,12484
5856,11553
5857,10512
5858,9864
5859,9590
5860,9491
5861,9500
5862,9866
5863,11047
5864,12637
5865,13966
5866,14618
5867,14754
5868,14867
5869,14676
5870,14771
5871,14716
5872,14673
5873,14670
5874,14683
5875,13981
5876,13603
5877,13640
5878,13570
5879,12517
5880,11531
5881,10560
5882,9906
5883,9617
5884,9494
5885,9526
5886,9854
5887,10939
5888,12564
5889,13935
5890,14513
5891,14643
5892,14762
5893,14610
5894,14654
5895,14570
5896,14489
5897,14465
5898,14452
5899,13804
5900,13444
5901,13553
5902,13498
5903,12491
5904,11600
5905,10621
5906,9994
5907,9712
5908,9593
5909,9609
5910,9960
5911,11230
5912,12752
5913,14026
5914,14622
5915,14706
5916,14783
5917,14647
5918,14763
5919,14753
5920,14743
5921,14776
5922,14806
5923,14234
5924,13902
5925,14124
5926,13846
5927,12820
5928,11835
5929,10819
5930,10179
5931,9847
5932,9760
5933,9785
5934,10154
5935,11283
5936,12962
5937,14374
5938,15046
5939,15282
5940,15345
5941,15230
5942,15218
5943,15117
5944,14904
5945,14765
5946,14700
5947,14066
5948,13634
5949,13752
5950,13346
5951,12436
5952,11734
5953,10764
5954,10109
5955,9722
5956,9558
5957,9466
5958,9573
5959,9867
5960,10356
5961,11397
5962,12424
5963,12853
5964,12921
5965,12800
5966,12634
5967,12372
5968,12158
5969,12142
5970,12327
5971,12296
5972,12148
5973,12172
5974,12058
5975,11488
5976,10820
5977,10131
5978,9555
5979,9188
5980,8973
5981,8904
5982,8938
5983,9031
5984,9129
5985,9769
5986,10415
5987,10865
5988,11146
5989,11267
5990,11108
5991,10896
5992,10751
5993,10884
5994,11466
5995,11727
5996,11738
5997,12202
5998,12163
5999,11584
6000,10731
6001,9931
6002,9425
6003,9236
6004,9188
6005,9292
6006,9724
6007,11052
6008,12690
6009,14111
6010,14552
6011,14643
6012,14770
6013,14584
6014,14684
6015,14616
6016,14548
6017,14510
6018,14458
6019,13791
6020,13476
6021,13796
6022,13507
6023,12481
6024,11540
6025,10579
6026,9919
6027,9656
6028,9539
6029,9599
6030,9956
6031,11265
6032,12981
6033,14298
6034,14930
6035,15088
6036,15136
6037,14912
6038,14907
6039,14779
6040,14688
6041,14701
6042,14622
6043,13944
6044,13780
6045,14081
6046,13626
6047,12583
6048,11578
6049,10596
6050,9920
6051,9647
6052,9524
6053,9573
6054,9956
6055,11229
6056,12971
6057,14215
6058,14775
6059,14913
6060,14966
6061,14849
6062,14887
6063,14801
6064,14738
6065,14667
6066,14703
6067,13926
6068,13624
6069,13945
6070,13493
6071,12504
6072,11574
6073,10603
6074,9964
6075,9651
6076,9566
6077,9590
6078,9957
6079,11278
6080,12884
6081,14176
6082,14771
6083,14922
6084,15040
6085,14812
6086,14826
6087,14744
6088,14661
6089,14664
6090,14671
6091,14051
6092,13698
6093,14164
6094,13678
6095,12538
6096,11638
6097,10685
6098,10011
6099,9683
6100,9618
6101,9637
6102,10004
6103,11299
6104,12843
6105,14164
6106,14722
6107,14816
6108,14892
6109,14703
6110,14683
6111,14509
6112,14371
6113,14264
6114,14272
6115,13775
6116,13383
6117,13749
6118,13164
6119,12251
6120,11576
6121,10654
6122,9957
6123,9527
6124,9316
6125,9224
6126,9269
6127,9712
6128,10320
6129,11291
6130,12158
6131,12509
6132,12475
6133,12307
6134,12055
6135,11854
6136,11701
6137,11734
6138,11989
6139,11972
6140,11873
6141,12318
6142,12034
6143,11437
6144,10728
6145,9999
6146,9391
6147,9008
6148,8863
6149,8799
6150,8774
6151,8940
6152,9067
6153,9756
6154,10499
6155,10939
6156,11111
6157,11238
6158,11122
6159,10911
6160,10739
6161,10811
6162,11433
6163,11662
6164,11746
6165,12442
6166,12111
6167,11416
6168,10519
6169,9825
6170,9340
6171,9158
6172,9118
6173,9193
6174,9655
6175,11038
6176,12724
6177,14084
6178,14653
6179,14735
6180,14922
6181,14827
6182,15046
6183,14996
6184,14909
6185,14860
6186,14762
6187,14062
6188,13879
6189,14342
6190,13687
6191,12601
6192,11624
6193,10727
6194,10097
6195,9815
6196,9675
6197,9711
6198,10120
6199,11445
6200,13193
6201,14406
6202,15033
6203,15167
6204,15326
6205,15210
6206,15383
6207,15308
6208,15240
6209,15201
6210,15098
6211,14373
6212,14103
6213,14565
6214,13930
6215,12790
6216,11848
6217,10837
6218,10179
6219,9924
6220,9800
6221,9827
6222,10187
6223,11464
6224,13209
6225,14444
6226,15026
6227,15134
6228,15290
6229,15173
6230,15260
6231,15231
6232,15172
6233,15151
6234,15107
6235,14318
6236,14090
6237,14653
6238,14015
6239,12922
6240,11860
6241,10845
6242,10166
6243,9889
6244,9761
6245,9727
6246,10098
6247,11431
6248,13107
6249,14303
6250,14917
6251,15099
6252,15293
6253,15135
6254,15337
6255,15339
6256,15272
6257,15278
6258,15264
6259,14624
6260,14466
6261,14935
6262,14118
6263,12919
6264,11979
6265,10984
6266,10327
6267,10079
6268,9934
6269,9962
6270,10271
6271,11584
6272,13283
6273,14608
6274,15297
6275,15522
6276,15593
6277,15379
6278,15337
6279,15137
6280,15034
6281,14909
6282,14902
6283,14262
6284,14028
6285,14351
6286,13447
6287,12473
6288,11671
6289,10775
6290,10036
6291,9688
6292,9545
6293,9447
6294,9481
6295,9957
6296,10558
6297,11458
6298,12373
6299,12780
6300,12896
6301,12761
6302,12549
6303,12415
6304,12270
6305,12263
6306,12501
6307,12452
6308,12511
6309,12737
6310,12217
6311,11606
6312,10929
6313,10171
6314,9543
6315,9227
6316,9017
6317,8909
6318,8909
6319,9092
6320,9310
6321,9893
6322,10630
6323,11030
6324,11165
6325,11288
6326,11200
6327,11016
6328,10889
6329,11039
6330,11710
6331,11920
6332,12088
6333,12633
6334,12181
6335,11555
6336,10646
6337,9865
6338,9390
6339,9203
6340,9155
6341,9271
6342,9744
6343,11171
6344,13166
6345,14470
6346,14902
6347,14982
6348,15028
6349,14780
6350,14767
6351,14669
6352,14535
6353,14551
6354,14533
6355,13908
6356,13962
6357,14327
6358,13548
6359,12510
6360,11543
6361,10613
6362,9980
6363,9656
6364,9563
6365,9613
6366,9997
6367,11425
6368,13251
6369,14394
6370,14842
6371,14888
6372,14922
6373,14736
6374,14842
6375,14843
6376,14776
6377,14807
6378,14862
6379,14128
6380,14242
6381,14431
6382,13606
6383,12560
6384,11556
6385,10552
6386,9908
6387,9638
6388,9534
6389,9551
6390,9973
6391,11357
6392,13375
6393,14591
6394,15252
6395,15408
6396,15536
6397,15285
6398,15420
6399,15385
6400,15310
6401,15408
6402,15420
6403,14691
6404,14585
6405,14621
6406,13773
6407,12619
6408,11678
6409,10608
6410,9953
6411,9702
6412,9615
6413,9629
6414,10004
6415,11361
6416,13316
6417,14490
6418,14901
6419,14993
6420,14985
6421,14813
6422,14848
6423,14796
6424,14704
6425,14672
6426,14719
6427,14300
6428,14574
6429,14678
6430,13720
6431,12572
6432,11643
6433,10642
6434,9984
6435,9710
6436,9613
6437,9628
6438,10089
6439,11398
6440,13412
6441,14693
6442,15457
6443,15652
6444,15734
6445,15434
6446,15337
6447,15142
6448,14927
6449,14807
6450,14828
6451,14371
6452,14399
6453,14263
6454,13316
6455,12338
6456,11608
6457,10663
6458,9996
6459,9560
6460,9354
6461,9269
6462,9345
6463,9752
6464,10424
6465,11385
6466,12222
6467,12470
6468,12545
6469,12404
6470,12206
6471,11969
6472,11819
6473,11957
6474,12265
6475,12278
6476,12621
6477,12789
6478,12148
6479,11497
6480,10813
6481,10010
6482,9361
6483,8998
6484,8847
6485,8782
6486,8829
6487,9011
6488,9274
6489,9879
6490,10562
6491,11043
6492,11209
6493,11321
6494,11145
6495,10921
6496,10824
6497,11017
6498,11697
6499,12046
6500,12656
6501,12890
6502,12333
6503,11622
6504,10655
6505,9978
6506,9418
6507,9248
6508,9220
6509,9318
6510,9798
6511,11206
6512,13333
6513,14396
6514,14882
6515,14965
6516,15134
6517,15037
6518,15266
6519,15194
6520,15161
6521,15236
6522,15262
6523,14773
6524,15001
6525,14671
6526,13749
6527,12621
6528,11681
6529,10672
6530,10011
6531,9720
6532,9619
6533,9669
6534,10083
6535,11444
6536,13589
6537,14646
6538,15208
6539,15307
6540,15352
6541,15127
6542,15169
6543,15081
6544,14972
6545,14916
6546,14929
6547,14290
6548,14675
6549,14684
6550,13710
6551,12580
6552,11556
6553,10563
6554,9911
6555,9621
6556,9516
6557,9526
6558,9925
6559,11224
6560,13239
6561,14411
6562,14973
6563,15029
6564,15088
6565,14875
6566,14917
6567,14854
6568,14830
6569,14762
6570,14880
6571,14309
6572,14729
6573,14527
6574,13652
6575,12528
6576,11575
6577,10578
6578,9921
6579,9658
6580,9575
6581,9689
6582,10102
6583,11412
6584,13544
6585,14696
6586,15333
6587,15425
6588,15454
6589,15233
6590,15302
6591,15207
6592,15125
6593,15066
6594,15042
6595,14496
6596,15002
6597,14829
6598,13830
6599,12684
6600,11725
6601,10781
6602,10099
6603,9778
6604,9734
6605,9757
6606,10188
6607,11445
6608,13406
6609,14593
6610,15070
6611,15136
6612,15101
6613,14861
6614,14913
6615,14753
6616,14585
6617,14509
6618,14636
6619,14193
6620,14598
6621,14416
6622,13349
6623,12389
6624,11596
6625,10640
6626,9863
6627,9447
6628,9284
6629,9231
6630,9281
6631,9747
6632,10549
6633,11398
6634,12202
6635,12371
6636,12246
6637,12031
6638,11816
6639,11630
6640,11589
6641,11826
6642,12215
6643,12346
6644,12912
6645,12771
6646,12006
6647,11371
6648,10658
6649,9913
6650,9317
6651,8978
6652,8794
6653,8736
6654,8717
6655,8938
6656,9362
6657,9991
6658,10679
6659,11189
6660,11429
6661,11619
6662,11456
6663,11257
6664,11116
6665,11296
6666,12025
6667,12342
6668,12963
6669,12753
6670,12126
6671,11389
6672,10388
6673,9666
6674,9167
6675,8993
6676,9002
6677,9093
6678,9608
6679,11109
6680,13351
6681,14612
6682,15167
6683,15310
6684,15438
6685,15273
6686,15335
6687,15247
6688,15118
6689,15081
6690,15183
6691,14717
6692,15185
6693,14555
6694,13637
6695,12456
6696,11474
6697,10513
6698,9846
6699,9561
6700,9539
6701,9596
6702,9992
6703,11451
6704,13669
6705,14790
6706,15325
6707,15397
6708,15285
6709,15140
6710,15143
6711,14866
6712,14744
6713,14842
6714,14947
6715,14471
6716,15007
6717,14538
6718,13579
6719,12404
6720,11382
6721,10401
6722,9758
6723,9506
6724,9396
6725,9465
6726,9866
6727,11269
6728,13525
6729,14753
6730,15252
6731,15308
6732,15472
6733,15498
6734,15590
6735,15466
6736,15263
6737,15222
6738,15316
6739,14791
6740,15220
6741,14682
6742,13663
6743,12516
6744,11567
6745,10536
6746,9861
6747,9545
6748,9487
6749,9527
6750,9925
6751,11324
6752,13629
6753,14684
6754,15113
6755,15157
6756,15199
6757,14985
6758,14910
6759,14756
6760,14608
6761,14606
6762,14715
6763,14331
6764,15031
6765,14780
6766,13709
6767,12487
6768,11500
6769,10546
6770,9942
6771,9621
6772,9500
6773,9578
6774,9973
6775,11392
6776,13612
6777,14740
6778,15169
6779,15098
6780,14999
6781,14706
6782,14666
6783,14547
6784,14384
6785,14313
6786,14529
6787,14113
6788,14678
6789,14198
6790,13146
6791,12162
6792,11390
6793,10466
6794,9673
6795,9292
6796,9140
6797,9109
6798,9183
6799,9631
6800,10552
6801,11435
6802,12303
6803,12643
6804,12770
6805,12782
6806,12657
6807,12613
6808,12345
6809,12315
6810,12749
6811,12827
6812,13289
6813,12907
6814,12131
6815,11442
6816,10656
6817,9924
6818,9288
6819,8917
6820,8772
6821,8721
6822,8769
6823,8972
6824,9452
6825,9973
6826,10672
6827,11007
6828,11180
6829,11283
6830,11101
6831,10862
6832,10722
6833,11029
6834,11996
6835,12531
6836,13197
6837,12846
6838,12156
6839,11417
6840,10476
6841,9742
6842,9227
6843,9038
6844,9010
6845,9129
6846,9596
6847,11054
6848,13346
6849,14672
6850,15193
6851,15289
6852,15145
6853,15091
6854,15235
6855,15224
6856,15110
6857,14963
6858,15109
6859,14792
6860,15211
6861,14571
6862,13611
6863,12474
6864,11484
6865,10457
6866,9824
6867,9522
6868,9469
6869,9531
6870,9973
6871,11374
6872,13535
6873,14681
6874,15207
6875,15334
6876,15507
6877,15369
6878,15438
6879,15379
6880,15236
6881,15269
6882,15424
6883,15045
6884,15365
6885,14684
6886,13667
6887,12537
6888,11515
6889,10542
6890,9920
6891,9617
6892,9567
6893,9616
6894,9996
6895,11340
6896,13556
6897,14774
6898,15246
6899,15257
6900,15188
6901,14927
6902,14963
6903,14897
6904,14797
6905,14889
6906,15067
6907,14738
6908,15290
6909,14604
6910,13662
6911,12580
6912,11656
6913,10681
6914,9978
6915,9680
6916,9604
6917,9581
6918,10016
6919,11415
6920,13626
6921,14965
6922,15469
6923,15599
6924,15671
6925,15401
6926,15326
6927,15135
6928,15027
6929,15029
6930,15075
6931,14760
6932,15481
6933,14926
6934,13821
6935,12730
6936,11740
6937,10716
6938,10062
6939,9780
6940,9676
6941,9710
6942,10096
6943,11382
6944,13555
6945,14799
6946,15321
6947,15492
6948,15417
6949,15227
6950,15079
6951,14889
6952,14598
6953,14525
6954,14748
6955,14609
6956,14996
6957,14280
6958,13209
6959,12236
6960,11487
6961,10561
6962,9854
6963,9489
6964,9317
6965,9219
6966,9333
6967,9769
6968,10743
6969,11635
6970,12492
6971,12758
6972,12675
6973,12458
6974,12230
6975,12066
6976,11919
6977,12084
6978,12552
6979,12820
6980,13520
6981,12935
6982,12166
6983,11539
6984,10758
6985,10051
6986,9430
6987,9096
6988,8936
6989,8852
6990,8897
6991,9072
6992,9612
6993,10087
6994,10699
6995,11064
6996,11389
6997,11500
6998,11439
6999,11428
7000,11457
7001,11607
7002,12202
7003,12527
7004,13179
7005,12834
7006,12135
7007,11419
7008,10502
7009,9720
7010,9258
7011,9109
7012,9089
7013,9211
7014,9692
7015,10980
7016,13235
7017,14619
7018,15162
7019,15240
7020,15320
7021,15034
7022,14990
7023,14842
7024,14766
7025,14751
7026,14938
7027,14916
7028,15296
7029,14589
7030,13580
7031,12438
7032,11454
7033,10492
7034,9811
7035,9563
7036,9474
7037,9567
7038,9962
7039,11325
7040,13533
7041,14957
7042,15528
7043,15799
7044,15961
7045,15874
7046,15906
7047,15726
7048,15616
7049,15488
7050,15500
7051,15215
7052,15494
7053,14769
7054,13860
7055,12769
7056,11744
7057,10729
7058,10064
7059,9667
7060,9601
7061,9706
7062,10090
7063,11420
7064,13652
7065,15024
7066,15620
7067,15663
7068,15553
7069,15287
7070,15282
7071,15111
7072,14988
7073,15043
7074,15247
7075,15179
7076,15396
7077,14711
7078,13785
7079,12576
7080,11570
7081,10589
7082,9903
7083,9625
7084,9497
7085,9563
7086,10042
7087,11380
7088,13533
7089,14970
7090,15465
7091,15571
7092,15502
7093,15166
7094,15208
7095,15172
7096,15163
7097,15166
7098,15357
7099,15385
7100,15556
7101,14782
7102,13692
7103,12511
7104,11589
7105,10619
7106,9928
7107,9667
7108,9565
7109,9628
7110,10011
7111,11316
7112,13419
7113,14873
7114,15561
7115,15766
7116,15918
7117,15666
7118,15640
7119,15425
7120,15180
7121,15117
7122,15365
7123,15345
7124,15245
7125,14498
7126,13440
7127,12444
7128,11645
7129,10716
7130,10036
7131,9653
7132,9463
7133,9407
7134,9458
7135,9985
7136,10889
7137,11882
7138,12753
7139,13120
7140,13187
7141,13083
7142,12954
7143,12796
7144,12646
7145,12716
7146,13174
7147,13493
7148,13603
7149,13017
7150,12291
7151,11655
7152,10940
7153,10142
7154,9451
7155,9080
7156,8776
7157,8806
7158,8954
7159,9267
7160,9756
7161,10607
7162,11283
7163,11674
7164,11865
7165,11945
7166,11829
7167,11709
7168,11719
7169,12029
7170,13385
7171,13971
7172,13601
7173,12996
7174,12229
7175,11478
7176,10499
7177,9739
7178,9319
7179,9181
7180,9184
7181,9307
7182,9852
7183,11421
7184,13503
7185,14728
7186,15088
7187,14982
7188,14993
7189,14834
7190,14889
7191,14811
7192,14879
7193,15056
7194,15942
7195,16176
7196,15656
7197,14812
7198,13745
7199,12499
7200,11478
7201,10501
7202,9909
7203,9676
7204,9570
7205,9645
7206,10216
7207,11708
7208,13778
7209,14946
7210,15500
7211,15560
7212,15544
7213,15198
7214,15206
7215,15111
7216,15098
7217,15372
7218,16217
7219,16326
7220,15861
7221,14956
7222,13928
7223,12688
7224,11621
7225,10636
7226,10033
7227,9776
7228,9669
7229,9735
7230,10207
7231,11687
7232,13916
7233,15299
7234,16034
7235,16273
7236,16375
7237,16190
7238,16256
7239,16083
7240,15966
7241,16143
7242,16900
7243,16383
7244,15851
7245,14957
7246,13875
7247,12702
7248,11696
7249,10689
7250,10019
7251,9778
7252,9664
7253,9740
7254,10221
7255,11658
7256,13858
7257,15133
7258,15763
7259,15878
7260,15973
7261,15781
7262,15748
7263,15553
7264,15458
7265,15626
7266,16573
7267,16551
7268,16000
7269,15236
7270,14043
7271,12810
7272,11757
7273,10818
7274,10200
7275,9939
7276,9798
7277,9853
7278,10264
7279,11680
7280,13687
7281,14994
7282,15647
7283,15708
7284,15662
7285,15455
7286,15369
7287,15251
7288,15037
7289,15067
7290,16137
7291,16144
7292,15412
7293,14513
7294,13426
7295,12445
7296,11667
7297,10780
7298,10107
7299,9679
7300,9465
7301,9442
7302,9528
7303,10060
7304,10922
7305,12018
7306,12783
7307,12863
7308,12790
7309,12611
7310,12406
7311,12309
7312,12427
7313,12835
7314,14131
7315,14306
7316,13739
7317,13028
7318,12315
7319,11676
7320,10933
7321,10208
7322,9634
7323,9274
7324,9051
7325,8960
7326,9000
7327,9276
7328,9651
7329,10362
7330,11010
7331,11238
7332,11425
7333,11619
7334,11551
7335,11519
7336,11627
7337,12113
7338,13648
7339,13955
7340,13553
7341,13076
7342,12294
7343,11540
7344,10613
7345,9893
7346,9434
7347,9325
7348,9280
7349,9369
7350,9903
7351,11576
7352,13848
7353,15083
7354,15611
7355,15752
7356,15900
7357,15693
7358,15810
7359,15775
7360,15767
7361,16060
7362,16920
7363,16383
7364,15861
7365,14894
7366,13935
7367,12793
7368,11725
7369,10789
7370,10176
7371,9874
7372,9797
7373,9818
7374,10312
7375,11919
7376,14075
7377,15281
7378,15784
7379,15861
7380,15871
7381,15680
7382,15739
7383,15691
7384,15693
7385,15889
7386,16761
7387,16454
7388,15926
7389,15062
7390,14106
7391,12948
7392,11891
7393,10913
7394,10336
7395,10003
7396,9878
7397,9943
7398,10429
7399,11866
7400,14098
7401,15381
7402,15920
7403,16034
7404,16121
7405,15997
7406,16084
7407,16076
7408,16020
7409,16213
7410,17192
7411,16600
7412,15979
7413,15143
7414,14256
7415,13072
7416,12000
7417,10955
7418,10375
7419,10081
7420,9969
7421,10063
7422,10616
7423,12138
7424,14372
7425,15547
7426,16116
7427,16185
7428,16236
7429,16029
7430,16208
7431,16062
7432,15943
7433,16101
7434,16972
7435,16648
7436,16240
7437,15442
7438,14263
7439,13024
7440,12085
7441,11126
7442,10482
7443,10143
7444,10048
7445,10092
7446,10588
7447,12120
7448,14175
7449,15388
7450,16031
7451,16366
7452,16561
7453,16428
7454,16388
7455,16265
7456,16002
7457,16083
7458,16816
7459,16425
7460,15721
7461,14800
7462,13733
7463,12613
7464,11772
7465,10904
7466,10142
7467,9653
7468,9442
7469,9408
7470,9533
7471,10084
7472,10980
7473,11908
7474,12807
7475,13072
7476,12936
7477,12697
7478,12527
7479,12444
7480,12604
7481,13007
7482,14458
7483,14444
7484,13975
7485,13244
7486,12428
7487,11717
7488,10933
7489,10217
7490,9636
7491,9258
7492,9110
7493,9017
7494,9049
7495,9381
7496,9782
7497,10446
7498,11293
7499,11655
7500,11920
7501,11954
7502,11751
7503,11581
7504,11691
7505,12173
7506,13790
7507,13975
7508,13663
7509,13089
7510,12300
7511,11576
7512,10574
7513,9875
7514,9497
7515,9325
7516,9342
7517,9442
7518,9981
7519,11572
7520,13837
7521,15092
7522,15534
7523,15467
7524,15334
7525,15103
7526,15296
7527,15258
7528,15393
7529,15667
7530,16852
7531,16431
7532,15874
7533,15017
7534,13988
7535,12787
7536,11776
7537,10817
7538,10216
7539,9910
7540,9825
7541,9874
7542,10337
7543,11970
7544,14265
7545,15411
7546,15778
7547,15774
7548,15685
7549,15191
7550,15334
7551,15375
7552,15464
7553,15812
7554,17029
7555,16418
7556,15815
7557,14978
7558,14035
7559,12788
7560,11764
7561,10793
7562,10133
7563,9838
7564,9731
7565,9821
7566,10262
7567,11837
7568,14131
7569,15311
7570,15870
7571,15994
7572,16061
7573,15858
7574,15880
7575,15845
7576,15808
7577,15892
7578,17015
7579,16430
7580,15837
7581,15052
7582,14037
7583,12893
7584,11804
7585,10817
7586,10235
7587,9930
7588,9920
7589,10000
7590,10498
7591,12031
7592,14292
7593,15390
7594,15812
7595,15661
7596,15504
7597,15194
7598,15234
7599,15365
7600,15561
7601,15921
7602,17025
7603,16653
7604,16087
7605,15279
7606,14112
7607,12971
7608,11927
7609,10938
7610,10331
7611,10056
7612,9938
7613,10000
7614,10409
7615,11913
7616,14196
7617,15475
7618,16065
7619,16209
7620,16087
7621,15917
7622,16008
7623,15873
7624,15733
7625,16139
7626,16943
7627,16338
7628,15658
7629,14762
7630,13715
7631,12664
7632,11891
7633,10970
7634,10216
7635,9840
7636,9693
7637,9642
7638,9796
7639,10393
7640,11381
7641,12385
7642,13445
7643,13956
7644,14117
7645,14037
7646,13794
7647,13693
7648,13661
7649,14001
7650,14897
7651,14573
7652,13945
7653,13262
7654,12493
7655,11853
7656,11053
7657,10363
7658,9772
7659,9412
7660,9293
7661,9249
7662,9311
7663,9599
7664,10160
7665,10887
7666,11761
7667,12417
7668,12815
7669,13082
7670,13033
7671,12854
7672,12756
7673,13217
7674,14447
7675,14334
7676,13845
7677,13365
7678,12697
7679,11878
7680,10799
7681,10140
7682,9693
7683,9542
7684,9480
7685,9580
7686,10174
7687,11755
7688,14182
7689,15398
7690,15876
7691,15871
7692,15784
7693,15529
7694,15666
7695,15676
7696,15738
7697,16164
7698,17133
7699,16478
7700,15890
7701,15069
7702,14065
7703,12855
7704,11791
7705,10871
7706,10330
7707,9999
7708,9879
7709,9939
7710,10518
7711,12027
7712,14507
7713,15774
7714,16327
7715,16461
7716,16519
7717,16326
7718,16391
7719,16356
7720,16338
7721,16776
7722,17421
7723,16656
7724,16115
7725,15279
7726,14211
7727,13004
7728,11910
7729,10994
7730,10421
7731,10080
7732,9947
7733,10031
7734,10581
7735,12122
7736,14511
7737,15851
7738,16416
7739,16542
7740,16599
7741,16476
7742,16560
7743,16478
7744,16454
7745,16849
7746,17589
7747,16715
7748,16109
7749,15179
7750,14253
7751,13054
7752,11999
7753,10951
7754,10357
7755,10135
7756,10039
7757,10169
7758,10696
7759,12272
7760,14722
7761,15825
7762,16415
7763,16587
7764,16656
7765,16442
7766,16380
7767,16346
7768,16308
7769,16778
7770,17574
7771,16829
7772,16245
7773,15479
7774,14357
7775,13169
7776,12190
7777,11216
7778,10542
7779,10196
7780,10102
7781,10226
7782,10775
7783,12202
7784,14691
7785,15907
7786,16354
7787,16260
7788,16175
7789,15857
7790,15790
7791,15725
7792,15720
7793,16169
7794,17201
7795,16647
7796,15931
7797,15039
7798,13978
7799,12849
7800,12069
7801,11200
7802,10557
7803,10109
7804,9862
7805,9708
7806,9887
7807,10512
7808,11521
7809,12501
7810,13517
7811,13811
7812,13745
7813,13528
7814,13300
7815,13125
7816,13094
7817,13628
7818,14875
7819,14640
7820,14158
7821,13379
7822,12489
7823,11855
7824,11162
7825,10474
7826,9922
7827,9501
7828,9242
7829,9148
7830,9264
7831,9573
7832,10190
7833,10735
7834,11518
7835,11903
7836,12101
7837,12237
7838,12258
7839,12179
7840,12203
7841,12831
7842,14282
7843,14191
7844,13900
7845,13365
7846,12620
7847,11855
7848,10893
7849,10176
7850,9772
7851,9597
7852,9545
7853,9620
7854,10188
7855,11809
7856,14248
7857,15616
7858,15988
7859,15916
7860,15855
7861,15625
7862,15762
7863,15756
7864,15916
7865,16422
7866,17390
7867,16811
7868,16297
7869,15399
7870,14351
7871,13130
7872,11999
7873,11109
7874,10474
7875,10089
7876,10025
7877,10148
7878,10681
7879,12249
7880,14842
7881,16047
7882,16445
7883,16437
7884,16404
7885,16100
7886,16028
7887,15966
7888,16001
7889,16557
7890,17604
7891,16897
7892,16324
7893,15483
7894,14448
7895,13235
7896,12158
7897,11262
7898,10607
7899,10329
7900,10191
7901,10284
7902,10826
7903,12315
7904,14862
7905,16196
7906,16666
7907,16697
7908,16743
7909,16618
7910,16729
7911,16690
7912,16638
7913,17200
7914,17901
7915,17036
7916,16404
7917,15570
7918,14492
7919,13289
7920,12174
7921,11253
7922,10575
7923,10240
7924,10187
7925,10234
7926,10631
7927,12284
7928,14785
7929,16142
7930,16602
7931,16756
7932,16728
7933,16525
7934,16561
7935,16470
7936,16490
7937,17016
7938,17694
7939,17092
7940,16563
7941,15700
7942,14630
7943,13361
7944,12272
7945,11298
7946,10662
7947,10317
7948,10199
7949,10233
7950,10670
7951,12189
7952,14629
7953,16053
7954,16603
7955,16678
7956,16717
7957,16458
7958,16360
7959,16238
7960,16106
7961,16445
7962,17346
7963,16585
7964,15888
7965,14974
7966,14000
7967,12979
7968,12172
7969,11313
7970,10591
7971,10028
7972,9876
7973,9799
7974,9963
7975,10594
7976,11667
7977,12715
7978,13731
7979,14118
7980,14083
7981,13966
7982,13770
7983,13624
7984,13580
7985,14146
7986,15247
7987,14988
7988,14421
7989,13729
7990,13002
7991,12367
7992,11542
7993,10855
7994,10210
7995,9771
7996,9576
7997,9643
7998,9757
7999,9954
8000,10551
8001,11283
8002,12110
8003,12843
8004,13321
8005,13600
8006,13539
8007,13478
8008,13580
8009,14092
8010,14880
8011,14694
8012,14373
8013,13899
8014,13120
8015,12298
8016,11271
8017,10421
8018,10054
8019,9847
8020,9828
8021,9962
8022,10638
8023,12291
8024,14781
8025,16361
8026,16872
8027,17048
8028,17208
8029,17127
8030,17208
8031,17176
8032,17202
8033,17660
8034,18174
8035,17355
8036,16798
8037,15893
8038,14890
8039,13628
8040,12490
8041,11562
8042,10874
8043,10563
8044,10491
8045,10609
8046,11071
8047,12603
8048,15083
8049,16473
8050,17074
8051,17240
8052,17330
8053,17128
8054,17174
8055,17055
8056,17129
8057,17579
8058,18217
8059,17483
8060,16825
8061,15954
8062,14973
8063,13699
8064,12603
8065,11702
8066,11012
8067,10687
8068,10609
8069,10711
8070,11125
8071,12572
8072,15145
8073,16787
8074,17358
8075,17544
8076,17631
8077,17412
8078,17516
8079,17438
8080,17415
8081,17955
8082,18460
8083,17637
8084,16999
8085,16099
8086,15000
8087,13769
8088,12673
8089,11804
8090,11204
8091,10858
8092,10724
8093,10819
8094,11331
8095,12804
8096,15273
8097,16824
8098,17380
8099,17462
8100,17549
8101,17362
8102,17396
8103,17364
8104,17274
8105,17643
8106,18335
8107,17694
8108,17176
8109,16312
8110,15124
8111,13840
8112,12743
8113,11765
8114,11133
8115,10751
8116,10536
8117,10582
8118,11151
8119,12567
8120,15106
8121,16481
8122,16992
8123,17145
8124,17213
8125,17017
8126,17070
8127,16949
8128,16757
8129,17034
8130,17197
8131,16264
8132,15402
8133,14620
8134,13830
8135,12982
8136,12258
8137,11387
8138,10731
8139,10301
8140,10091
8141,10058
8142,10213
8143,10747
8144,11674
8145,12856
8146,13913
8147,14349
8148,14287
8149,14047
8150,13793
8151,13649
8152,13618
8153,14246
8154,15376
8155,15096
8156,14578
8157,13953
8158,13225
8159,12573
8160,11752
8161,11053
8162,10367
8163,9919
8164,9702
8165,9598
8166,9717
8167,10062
8168,10643
8169,11396
8170,12148
8171,12892
8172,13366
8173,13766
8174,13774
8175,13649
8176,13674
8177,14290
8178,15176
8179,15017
8180,14604
8181,13974
8182,13230
8183,12380
8184,11329
8185,10599
8186,10065
8187,9907
8188,9878
8189,9981
8190,10576
8191,12236
8192,14775
8193,16329
8194,16647
8195,16634
8196,16721
8197,16702
8198,17011
8199,17019
8200,17076
8201,17656
8202,18158
8203,17391
8204,16780
8205,15883
8206,14821
8207,13539
8208,12370
8209,11488
8210,10782
8211,10446
8212,10303
8213,10391
8214,10965
8215,12457
8216,15038
8217,16501
8218,16855
8219,16873
8220,16915
8221,16774
8222,16835
8223,16788
8224,16902
8225,17561
8226,18147
8227,17402
8228,16845
8229,16010
8230,14933
8231,13712
8232,12519
8233,11552
8234,10869
8235,10534
8236,10425
8237,10542
8238,11062
8239,12566
8240,15154
8241,16743
8242,17091
8243,16972
8244,16716
8245,16466
8246,16597
8247,16590
8248,16592
8249,17146
8250,18143
8251,17381
8252,16730
8253,15873
8254,14887
8255,13689
8256,12553
8257,11517
8258,10849
8259,10487
8260,10404
8261,10489
8262,10957
8263,12478
8264,15020
8265,16594
8266,17175
8267,17355
8268,17519
8269,17271
8270,17096
8271,16997
8272,16989
8273,17508
8274,18212
8275,17572
8276,16934
8277,16093
8278,14958
8279,13681
8280,12555
8281,11628
8282,10931
8283,10626
8284,10484
8285,10533
8286,10970
8287,12445
8288,14953
8289,16678
8290,17337
8291,17526
8292,17611
8293,17431
8294,17392
8295,17265
8296,17166
8297,17555
8298,17948
8299,17146
8300,16349
8301,15490
8302,14452
8303,13388
8304,12467
8305,11542
8306,10804
8307,10339
8308,10117
8309,10057
8310,10203
8311,10753
8312,11783
8313,13100
8314,14089
8315,14575
8316,14622
8317,14569
8318,14407
8319,14211
8320,14174
8321,14821
8322,15611
8323,15312
8324,14779
8325,14126
8326,13357
8327,12711
8328,11838
8329,11078
8330,10433
8331,10031
8332,9842
8333,9775
8334,9864
8335,10142
8336,10737
8337,11551
8338,12311
8339,12821
8340,13113
8341,13285
8342,13227
8343,13053
8344,13066
8345,13765
8346,15247
8347,15267
8348,14940
8349,14454
8350,13672
8351,12748
8352,11579
8353,10827
8354,10353
8355,10125
8356,10064
8357,10170
8358,10719
8359,12257
8360,14847
8361,16576
8362,17133
8363,17179
8364,17135
8365,16928
8366,16982
8367,16872
8368,16899
8369,17555
8370,18233
8371,17464
8372,16885
8373,15957
8374,14955
8375,13715
8376,12485
8377,11496
8378,10881
8379,10521
8380,10402
8381,10489
8382,10971
8383,12452
8384,14956
8385,16563
8386,16899
8387,16954
8388,16954
8389,16807
8390,16838
8391,16834
8392,16876
8393,17504
8394,18308
8395,17575
8396,17026
8397,16215
8398,15178
8399,13969
8400,12736
8401,11657
8402,10973
8403,10608
8404,10480
8405,10557
8406,11021
8407,12540
8408,15145
8409,17009
8410,17601
8411,17704
8412,17713
8413,17516
8414,17526
8415,17412
8416,17367
8417,17837
8418,18160
8419,17218
8420,16638
8421,15842
8422,14828
8423,13658
8424,12537
8425,11434
8426,10797
8427,10472
8428,10328
8429,10385
8430,10872
8431,12294
8432,14853
8433,16507
8434,16890
8435,16919
8436,16902
8437,16789
8438,16927
8439,16936
8440,16880
8441,17410
8442,17851
8443,17055
8444,16616
8445,15870
8446,14837
8447,13744
8448,12566
8449,11582
8450,10865
8451,10446
8452,10281
8453,10352
8454,10824
8455,12339
8456,14624
8457,16355
8458,16916
8459,17100
8460,17112
8461,16709
8462,16351
8463,16090
8464,15844
8465,16252
8466,17329
8467,16724
8468,16056
8469,15231
8470,14224
8471,13203
8472,12352
8473,11472
8474,10754
8475,10226
8476,9969
8477,9928
8478,10066
8479,10643
8480,11676
8481,12924
8482,14042
8483,14652
8484,14842
8485,14781
8486,14536
8487,14336
8488,14262
8489,14833
8490,15770
8491,15435
8492,14902
8493,14221
8494,13460
8495,12720
8496,11840
8497,11004
8498,10344
8499,9911
8500,9667
8501,9643
8502,9710
8503,9948
8504,10570
8505,11515
8506,12260
8507,12948
8508,13442
8509,13758
8510,13697
8511,13539
8512,13525
8513,14156
8514,15215
8515,15012
8516,14647
8517,14052
8518,13353
8519,12560
8520,11537
8521,10634
8522,10066
8523,9776
8524,9675
8525,9766
8526,10260
8527,11469
8528,13354
8529,15179
8530,16037
8531,16294
8532,16488
8533,16416
8534,16335
8535,16108
8536,16026
8537,16590
8538,17233
8539,16575
8540,16021
8541,15262
8542,14331
8543,13243
8544,12228
8545,11213
8546,10461
8547,10037
8548,9871
8549,9888
8550,10336
8551,11510
8552,13219
8553,14970
8554,15737
8555,15915
8556,15834
8557,15676
8558,15666
8559,15608
8560,15547
8561,16011
8562,17071
8563,16481
8564,15935
8565,15173
8566,14243
8567,13152
8568,12181
8569,11242
8570,10424
8571,10003
8572,9820
8573,9817
8574,10254
8575,11407
8576,13070
8577,14752
8578,15709
8579,16089
8580,16131
8581,15937
8582,15689
8583,15358
8584,14965
8585,15171
8586,15873
8587,15147
8588,14369
8589,13569
8590,12870
8591,12183
8592,11678
8593,10848
8594,9993
8595,9471
8596,9298
8597,9330
8598,9451
8599,9772
8600,10401
8601,11273
8602,12054
8603,12510
8604,12694
8605,12660
8606,12518
8607,12375
8608,12294
8609,12789
8610,13935
8611,13884
8612,13392
8613,12971
8614,12511
8615,12012
8616,11347
8617,10594
8618,9949
8619,9540
8620,9353
8621,9361
8622,9530
8623,10025
8624,10616
8625,11269
8626,12076
8627,12699
8628,12958
8629,13002
8630,12816
8631,12649
8632,12556
8633,13126
8634,14333
8635,14220
8636,13735
8637,13246
8638,12764
8639,12167
8640,11367
8641,10609
8642,9965
8643,9658
8644,9582
8645,9640
8646,9899
8647,10562
8648,11428
8649,12561
8650,13673
8651,14519
8652,14945
8653,15039
8654,14908
8655,14801
8656,14691
8657,15200
8658,15930
8659,15584
8660,15053
8661,14300
8662,13428
8663,12816
8664,11954
8665,11163
8666,10401
8667,9937
8668,9765
8669,9716
8670,9857
8671,10117
8672,10634
8673,11390
8674,12144
8675,12794
8676,13094
8677,13270
8678,13135
8679,13010
8680,13034
8681,13639
8682,15157
8683,15115
8684,14717
8685,14164
8686,13490
8687,12703
8688,11674
8689,10870
8690,10257
8691,9901
8692,9813
8693,9855
8694,10280
8695,11391
8696,12844
8697,14358
8698,15134
8699,15392
8700,15580
8701,15487
8702,15460
8703,15363
8704,15333
8705,15897
8706,17117
8707,16404
8708,15829
8709,15010
8710,14082
8711,13053
8712,12024
8713,11016
8714,10351
8715,9979
8716,9834
8717,9956
8718,10330
8719,11260
8720,12797
8721,14308
8722,15234
8723,15579
8724,15684
8725,15545
8726,15527
8727,15460
8728,15408
8729,15799
8730,16883
8731,16229
8732,15635
8733,14866
8734,14009
8735,13056
8736,12135
8737,11147
8738,10406
8739,10025
8740,9848
8741,9834
8742,10201
8743,11038
8744,12354
8745,13702
8746,14529
8747,14928
8748,14919
8749,14669
8750,14472
8751,14297
8752,14113
8753,14272
8754,15203
8755,14717
8756,13964
8757,12913
8758,12096
8759,11626
8760,11406
