,2011,2012,2013,2014,2015,2016,2017,2018,2019,2020,2021,2022,2023,2024,2025,2026,2027,2028,2029,2030,2031,2032,2033,2034,2035,2036,2037,2038,2039,2040,2041,2042,2043,2044,2045,2046,2047,2048,2049,2050,2051,2052,2053,2054,2055,2056,2057,2058,2059,2060
biomassPrice-0,4.5,4.533778665,4.556407365,4.466552313,4.359388142,4.482266267,4.605432075,4.609644395,4.537126047,4.729416666,4.910899219,4.84762489,4.90040959,5.000139523,5.037269456,4.913429222,5.10141091,5.264455733,5.417645338,5.431410148,5.432880888,5.39108333,5.50337554,5.592818253,5.548992314,5.661961747,5.584010111,5.811343373,5.7901239,5.741884883,5.963432768,5.965760501,6.070453417,6.187851282,6.070527374,6.335460277,6.540160275,6.728003183,6.922078347,7.084278556,7.107991233,7.234223831,7.437759647,7.464474238,7.653095481,7.477300096,7.279942354,7.4493551,7.565518545,7.768079468
biomassPrice-1,4.5,4.533778665,4.556407365,4.466552313,4.359388142,4.482266267,4.605432075,4.609644395,4.537126047,4.729416666,4.910899219,4.84762489,4.90040959,5.000139523,5.037269456,4.913429222,5.10141091,5.264455733,5.417645338,5.431410148,5.432880888,5.39108333,5.50337554,5.592818253,5.548992314,5.661961747,5.584010111,5.811343373,5.7901239,5.741884883,5.963432768,5.965760501,6.070453417,6.187851282,6.070527374,6.335460277,6.540160275,6.728003183,6.922078347,7.084278556,7.107991233,7.234223831,7.437759647,7.464474238,7.653095481,7.477300096,7.279942354,7.4493551,7.565518545,7.768079468
biomassPrice-2,4.5,4.520785276,4.595531345,4.687680112,4.695570019,4.76917789,4.6762485,4.757679808,4.883011453,4.887190925,5.056333785,5.103609669,5.119759594,5.097996954,5.111566739,5.093088801,5.275002721,5.502380814,5.475305728,5.47624713,5.363025915,5.57364997,5.629996706,5.58476528,5.72787522,5.757829307,6.010714125,6.143072421,6.182910095,6.332471405,6.447791997,6.64004116,6.555989135,6.595365036,6.638356007,6.567007951,6.656512356,6.67213572,6.899958963,6.889896872,6.897962497,7.08806044,7.173509917,7.464141412,7.507431413,7.423070505,7.335316907,7.399753733,7.385370534,7.446635444
biomassPrice-3,4.5,4.568185849,4.754775502,4.720508825,4.834878917,4.856432833,5.046699071,5.158406061,5.33374012,5.408262817,5.401533413,5.321792573,5.310776931,5.355431345,5.396155152,5.412098189,5.661063242,5.5382857,5.586492305,5.691457183,5.838676854,5.758214563,5.95361153,6.022989165,6.27264,6.169202177,6.183076084,6.090813001,6.038174018,6.136223497,6.226866589,6.386514417,6.52680943,6.665114646,6.826805085,7.122027992,7.326819264,7.437784832,7.557876243,7.70295094,7.770264346,7.854664357,7.94208465,7.898110907,7.860049321,7.942112281,7.950085767,8.166719124,8.149703617,8.117203258
biomassPrice-4,4.5,4.399731373,4.370607276,4.381446206,4.483461201,4.571560947,4.549123356,4.623370937,4.579386938,4.703764859,4.736110762,4.760298139,4.794631032,4.946572661,4.893690289,4.903442276,4.944952359,4.890182379,4.88279687,4.978676204,5.018723829,5.128366046,5.152443866,5.222039048,5.274890285,5.326361728,5.370622958,5.372893828,5.491903387,5.510466622,5.580892624,5.682945258,5.832516865,5.726598007,5.846023551,5.859787405,5.837632828,5.816556198,5.755133619,5.871847927,6.034455363,6.15738743,6.139966715,6.017191156,6.131556107,6.259284464,6.559738031,6.788521617,6.888436579,6.925262658
biomassPrice-5,4.5,4.52317687,4.622517311,4.543569897,4.63825005,4.666553381,4.660918747,4.64067233,4.77097006,4.863352371,4.948105569,4.988375396,5.08643894,5.205286809,5.275533212,5.223296804,5.291309033,5.332598339,5.408423525,5.555339471,5.664764995,5.733170691,5.818729332,5.694362456,5.643495149,5.718849103,5.751948177,5.662571647,5.776707255,5.835876452,5.940897052,5.877340529,5.960511721,6.057401862,5.939080895,6.071538597,6.105281463,6.267930247,6.403706997,6.363450281,6.510871255,6.701115716,6.853860304,7.06651668,7.105329809,7.194537445,7.269783671,7.365063835,7.438118717,7.277089473
biomassPrice-6,4.5,4.515742189,4.526153512,4.580150284,4.605321774,4.676074706,4.596931943,4.653859297,4.742515183,4.782439721,4.654857969,4.751946916,4.722176637,4.766771612,4.900485287,4.900097912,5.033903358,5.023562451,5.005483551,4.913509204,4.842952941,4.96218517,5.181320095,5.242422446,5.381374113,5.390625195,5.476977867,5.535984319,5.556960029,5.629589088,5.791638392,5.795170331,6.002649392,6.195431135,6.27640095,6.266875936,6.260166816,6.273407737,6.349931755,6.290855341,6.150996153,6.313124479,6.566056142,6.769338652,6.849083103,7.002632582,7.125011835,7.154649785,7.197678699,7.192912733
biomassPrice-7,4.5,4.530374689,4.558981727,4.627804347,4.796171114,4.92412232,4.952985428,4.847743992,5.03026439,5.053379852,5.106048077,5.208661914,5.168468396,5.191758997,5.320246237,5.398293811,5.467568785,5.620479447,5.537497607,5.729126383,5.803377343,5.937607218,5.915206109,5.964847504,5.965815399,5.97304405,6.057658622,6.124022978,6.292919794,6.235657127,6.19153673,6.267526163,6.217664189,6.46297903,6.417316036,6.422176406,6.373426552,6.33057575,6.520234288,6.689219445,6.714430984,6.715242232,6.610295973,6.809778593,6.885365515,7.093817609,7.303610708,7.342568825,7.358376213,7.487200158
biomassPrice-8,4.5,4.629515254,4.677442418,4.815906622,4.901671988,4.905069698,4.951151068,4.985820489,5.002355179,4.894177228,4.919857412,4.87318583,4.904854613,5.042377508,5.062663724,5.205976445,5.293325337,5.357328571,5.328138093,5.179416243,5.179324357,5.347164621,5.355209756,5.366312909,5.440810794,5.542994047,5.666868134,5.83973408,5.995173301,6.197965565,6.085566028,6.072665429,6.270314308,6.489778389,6.438502035,6.533905382,6.563381934,6.46715739,6.418949135,6.496979695,6.599640185,6.752423515,6.71689664,6.804071291,6.765771484,6.907131225,6.9945519,7.14887025,7.289174076,7.245551699
biomassPrice-9,4.5,4.478876275,4.623321231,4.814674692,4.883188517,4.834513299,4.93128551,4.874167852,4.95047934,4.869146026,4.934331842,4.834322382,4.790100886,4.698414789,4.827348214,4.837274854,4.854107589,4.857532332,4.876558365,4.956429881,5.007081709,5.047068943,4.970089722,5.086157706,5.119664847,5.204313692,5.316894444,5.362461398,5.603167349,5.605348933,5.679270626,5.823156395,6.033270609,5.944848544,6.125623488,6.291045446,6.383279476,6.399006995,6.388174063,6.482963612,6.607639384,6.536196802,6.598421299,6.750078348,6.75651011,6.700547386,6.69061291,6.842082974,6.848960813,6.923540995
biomassPrice-10,4.5,4.633526319,4.562198077,4.624472835,4.572021423,4.525282623,4.549773309,4.546129475,4.495075126,4.531671992,4.560269696,4.530227351,4.488541335,4.533500358,4.540481278,4.583818098,4.766814124,4.751321284,4.753419452,4.808828164,4.755153833,4.812260998,4.92799928,4.840816388,4.84422045,4.943821709,5.105412838,5.352155153,5.34449309,5.292796236,5.339477277,5.303543402,5.514412697,5.65946629,5.653958449,5.890664816,5.787785399,5.841216637,5.974593844,6.047455023,6.265048282,6.291756575,6.442581788,6.467822247,6.488014072,6.478624273,6.501162689,6.55033064,6.728542736,6.81609938
biomassPrice-11,4.5,4.50432293,4.592578077,4.670247711,4.625251067,4.650441784,4.706399011,4.885034586,4.966961784,5.05939685,5.188271694,5.076746741,5.171615491,5.11322908,5.071172438,5.108894675,5.129921248,5.102994692,5.056563047,5.196595531,5.140528535,5.240711108,5.150200424,5.165451692,5.072689484,5.101732234,5.081194855,5.098496768,5.074582733,5.191283904,5.380373762,5.27718914,5.174966901,5.273320181,5.344343375,5.319430114,5.319118282,5.23714008,5.368709485,5.415608692,5.463384539,5.485674567,5.482229402,5.618550231,5.814116376,5.755455492,5.907638171,5.95483859,5.872822334,5.85500764
biomassPrice-12,4.5,4.494982457,4.589525314,4.58959725,4.654241353,4.651891712,4.778458841,4.790535001,4.93426141,5.095696473,5.155456659,5.321228303,5.254558607,5.248103719,5.298834292,5.541669858,5.446290023,5.566743823,5.573098889,5.643271273,5.648335331,5.546018343,5.418643864,5.515497019,5.552150456,5.68081318,5.767683998,5.92519342,5.958241896,6.114592709,5.977606631,6.073128079,6.190107996,6.42396094,6.388321968,6.370222857,6.238562901,6.291795541,6.200707453,6.42507564,6.433575318,6.342831947,6.533613319,6.530164748,6.793465222,6.778763314,6.903110643,7.033351866,7.276389904,7.48993618
biomassPrice-13,4.5,4.531186845,4.557389406,4.527600658,4.429858098,4.310702426,4.372955739,4.407448,4.546392007,4.565836346,4.655024596,4.561886413,4.57762951,4.468257071,4.460136723,4.498739027,4.62814623,4.725812285,4.632418423,4.812935461,4.896690813,5.056371577,5.107989525,5.241105545,5.137313549,5.229391453,5.153331353,5.235027398,5.421523053,5.325295114,5.37318272,5.4022887,5.38540178,5.543577838,5.677501849,5.629702924,5.880232381,5.980631126,6.017139045,5.891155677,5.962230146,6.023056404,5.985129462,5.94496582,6.071361916,6.029660111,6.19690551,6.190302109,6.428711932,6.596233768
biomassPrice-14,4.5,4.680233329,4.712937881,4.775419071,4.951784061,4.873347269,4.933330718,5.02303712,5.09019286,4.976677698,5.110639372,5.210885449,5.402521139,5.454840349,5.494356028,5.590833336,5.740683953,5.831816444,5.860301632,5.990546896,6.014657072,6.090401717,6.161581628,6.332757543,6.25965104,6.405043968,6.407187745,6.481477681,6.506636339,6.458343734,6.354492562,6.353861653,6.226515655,6.189164593,6.085943002,5.998220766,6.041487475,6.055906142,6.165924605,6.383839633,6.662218378,6.910215647,7.194034169,7.149877856,7.271282014,7.2184183,7.35385897,7.43835339,7.449894154,7.747070859
biomassPrice-15,4.5,4.483328163,4.465912137,4.541151228,4.565290078,4.61348087,4.579227031,4.474654597,4.479317733,4.512539895,4.589362617,4.785176401,4.836320609,4.729424241,4.800945857,5.025870874,5.009519106,4.971740177,5.203729348,5.125051344,5.221500957,5.274712733,5.427408879,5.480749903,5.538786285,5.496047878,5.472575591,5.399817906,5.353446651,5.416788578,5.351671341,5.328902909,5.215184916,5.188513094,5.235200546,5.293467796,5.403359685,5.628695414,5.508729113,5.614952456,5.684219158,5.861469933,5.797758381,5.765779789,5.976390408,5.991116221,6.101992811,5.977911442,6.059058842,6.05529742
biomassPrice-16,4.5,4.585538706,4.792637183,4.809051805,4.861442713,4.951493817,4.998465504,5.033877127,5.105412951,5.148549728,5.397776397,5.46663582,5.450429488,5.467344429,5.513731742,5.678387675,5.670195074,5.767280049,5.899219973,5.764171354,5.814151989,5.820337535,5.789869064,5.89165361,6.080793975,6.264726164,6.211925785,6.284782013,6.245958012,6.232904006,6.127292013,6.320938151,6.423800878,6.321551817,6.465772062,6.512956201,6.515617189,6.658861303,6.516079809,6.725143802,6.754993028,6.871814166,6.860514226,6.862733294,7.023909049,7.230553114,7.360451098,7.223676547,7.461636216,7.706552742
biomassPrice-17,4.5,4.651863011,4.786342836,4.847237693,4.823954849,4.787287872,4.902194162,4.850210195,4.829746261,4.90685243,4.89506049,5.012808879,5.132975351,5.159562975,5.102086908,5.095117933,5.012185405,5.02369612,5.008888293,5.061074252,5.155462809,5.298149462,5.467838919,5.527248303,5.452397033,5.583304746,5.625586083,5.728653921,5.882767272,5.906718983,5.936181727,5.869382755,5.766857796,5.658364224,5.644036179,5.649608471,5.649187714,5.897587474,5.946859434,5.888719614,5.974038739,6.034490185,5.935735035,5.931199754,6.115308715,6.285491232,6.230839437,6.068331038,6.188428089,6.262610916
biomassPrice-18,4.5,4.462412813,4.481903251,4.567055041,4.585251447,4.744130715,4.809363237,4.876392335,5.003789362,5.00336287,5.010033974,4.952319833,4.93099066,5.067201147,5.131729957,5.177454743,5.276941641,5.455769189,5.632709146,5.724644139,5.677968714,5.742342362,5.795392412,6.052108525,5.957540317,6.008588191,5.990553943,6.040854222,6.103985947,6.07855259,6.298216393,6.265369056,6.162706327,6.282096267,6.250273305,6.391123065,6.396535023,6.468048021,6.537715078,6.42032225,6.459835467,6.557883688,6.790238537,6.939261364,6.916818847,7.066676661,7.175503318,7.247634641,7.216899381,7.436586553
biomassPrice-19,4.5,4.475574416,4.513613102,4.4267622,4.487862749,4.544462574,4.644910722,4.730035406,4.869089032,4.896720374,4.975171986,5.072151269,5.18076212,5.253687464,5.324390748,5.244432614,5.291487729,5.262786915,5.267993232,5.295712444,5.412974561,5.610656884,5.672737977,5.622598956,5.625514307,5.867373676,5.982429108,5.9638854,6.090179556,6.171655347,6.386480167,6.53092055,6.593096823,6.514604484,6.538473259,6.604678948,6.574708598,6.622363511,6.546344327,6.849783876,6.859243448,7.069104262,7.151057369,7.269750749,7.241870507,7.375980029,7.37785273,7.378669546,7.398316568,7.444283466
biomassPrice-20,4.5,4.526815188,4.588474389,4.477991175,4.544642389,4.562808419,4.524729504,4.644154153,4.720669109,4.820563288,4.855809502,4.886008628,5.035280074,5.064015883,5.168933905,5.268732487,5.342139194,5.35605772,5.403657921,5.434645439,5.56171507,5.76552146,5.848434776,6.014527097,6.11073895,6.284658186,6.397437714,6.53853123,6.820309101,7.094617366,7.315529089,7.281414278,7.383803128,7.297646446,7.42587541,7.484595584,7.38461782,7.706452646,7.675900483,7.724193938,7.907387012,8.093728394,8.072122727,8.331860447,8.311534652,8.278097637,8.191823973,8.223361963,8.284916415,8.261555263
biomassPrice-21,4.5,4.495834959,4.648208069,4.529568169,4.668086088,4.844124507,4.756018961,4.854856826,4.850019836,4.84145267,4.820080672,4.901783912,5.121197663,5.163706525,5.204075683,5.272910662,5.181319525,5.133560423,5.031452138,5.043773422,5.150213161,5.148502758,5.154438441,5.180076661,5.288710887,5.436333701,5.659752453,5.71507337,5.742258661,5.964947024,5.990444042,5.86928855,5.813446723,5.769936007,5.873284284,5.744003645,5.746349724,5.877980277,5.968073296,5.992122238,6.054053794,6.307213563,6.270739085,6.306082353,6.383669995,6.369498128,6.400258376,6.401326483,6.503897384,6.479065782
biomassPrice-22,4.5,4.528027492,4.586667839,4.625510573,4.601096462,4.641714309,4.7001154,4.875535896,5.036070609,5.082863447,5.157359461,5.109162316,5.15962965,5.205448067,5.309964911,5.29581187,5.234887301,5.275941486,5.386771744,5.421662798,5.545436994,5.66568226,5.673440869,5.608509737,5.634616465,5.529683539,5.706795686,5.758558939,5.987168668,5.858173591,6.059631358,6.165337012,6.164936335,6.256073966,6.358675121,6.603623305,6.874782092,6.94878496,6.908779529,6.97731764,7.025002382,7.163128846,7.278970995,7.276080002,7.436272135,7.60995564,7.75536079,7.742813623,7.67723038,7.926551991
biomassPrice-23,4.5,4.57575614,4.663966452,4.755675001,4.925387223,4.924697283,5.000248493,5.114103658,5.181071176,5.310623182,5.283560992,5.356160544,5.412039617,5.485509958,5.57781287,5.705585681,5.917746631,5.822792646,5.84001305,5.931348858,5.855435585,6.064591326,6.147364623,6.215836397,6.266612205,6.358850353,6.496834047,6.350129456,6.22067609,6.269949955,6.209928365,6.243440755,6.342226821,6.415773849,6.391563644,6.385135085,6.465174811,6.339957176,6.629860552,6.606028137,6.850892516,6.977962157,7.28515032,7.391797224,7.324258342,7.441377022,7.550284924,7.456718684,7.441683651,7.643947088
biomassPrice-24,4.5,4.509407551,4.629945024,4.561375912,4.53787708,4.596431509,4.631222153,4.56037699,4.476241844,4.637921906,4.715552233,4.743103799,4.700387219,4.782446306,4.739020951,4.764712884,4.776285054,4.875811738,4.923507542,4.984931676,5.147618872,5.178750009,5.21377082,5.178253614,5.165045629,5.328426628,5.410568635,5.394192333,5.527684228,5.57133695,5.700901817,5.782595274,6.045010393,5.891283485,6.044569977,6.158130291,6.424315565,6.471791557,6.535484433,6.45861033,6.697029182,6.595343673,6.542725896,6.410336986,6.244470849,6.2670678,6.179356451,6.448946558,6.286980536,6.335754479
biomassPrice-25,4.5,4.46553212,4.553935103,4.654449728,4.818340056,4.874084748,4.880068843,4.94703168,4.944980078,5.126030981,5.185930844,5.203043702,5.091089322,5.156877783,5.292810975,5.299003426,5.335434161,5.414225096,5.440457485,5.630373674,5.69986079,5.751519984,5.823578827,5.852100543,5.825426586,5.85991153,5.817739805,5.985710977,6.057390305,6.111597652,6.325716618,6.382330202,6.533297507,6.727133123,6.971563622,6.881721099,6.818760781,6.972233375,7.100653139,7.061781933,7.187336812,7.078789882,7.019574196,7.163014331,7.231678128,7.152682913,7.405496425,7.578344283,7.642313661,7.714211156
biomassPrice-26,4.5,4.463849093,4.534762518,4.568153905,4.592192045,4.502456262,4.491310003,4.501184394,4.566763896,4.710470434,4.82995884,4.817299996,4.720563149,4.79363336,4.718076601,4.83001412,5.007315445,5.089356722,5.221706541,5.152984881,5.102405892,5.100975641,5.171513355,5.091673838,5.161290376,5.337915669,5.42522706,5.395986583,5.471095931,5.489848825,5.361568523,5.284901943,5.403846853,5.302039713,5.386539749,5.430848143,5.31662435,5.358600487,5.384491602,5.489709808,5.634791112,5.542772131,5.702923854,5.815166414,5.89125997,5.793138213,5.741790111,5.933657409,5.965363081,6.034886135
biomassPrice-27,4.5,4.431793848,4.449466499,4.632909764,4.670134225,4.824056582,4.849343021,4.858305637,4.966628714,5.020545937,4.924252827,4.98453609,5.157754112,5.244680464,5.272571069,5.477653375,5.524261982,5.610865088,5.70944842,5.771462595,5.889746494,5.931752614,5.859250869,5.941572921,5.821670686,5.77908643,5.775293257,5.850971435,5.897435565,6.029108259,6.193360928,6.36111239,6.410212235,6.592095603,6.617280467,6.606017438,6.684030306,6.637903866,6.632804406,6.659278902,6.769457423,6.895484015,6.957438934,7.036985162,7.159294655,7.02664888,7.219545761,7.223394019,7.228094181,7.255027304
biomassPrice-28,4.5,4.516175043,4.495032529,4.43456763,4.434237502,4.464474547,4.415596166,4.414202008,4.432895545,4.355100622,4.336692353,4.306045518,4.427933734,4.550482244,4.747107772,4.74320892,4.849952302,4.77453429,4.80207261,4.895470003,5.004398862,5.089954061,5.15639027,5.130768993,5.205836978,5.348875467,5.33464473,5.428648623,5.582745061,5.744567951,5.894984584,5.953227589,6.112449928,6.023223712,5.989847561,5.97807785,5.948124673,6.064677149,6.171317003,6.374164553,6.378243918,6.544938654,6.650108191,6.753407408,7.017153309,7.126758673,7.163133425,7.316131522,7.444017162,7.500097418
biomassPrice-29,4.5,4.619770306,4.662961056,4.691135448,4.719387126,4.770258834,4.906637578,5.076724827,5.13969705,5.148374507,5.191242871,5.196165361,5.3093024,5.347194981,5.439317495,5.418249046,5.508227906,5.747442076,5.729872103,5.791943707,5.862869425,5.942432793,6.001956749,5.910478321,6.144066896,6.181733307,6.361354119,6.432028167,6.507736065,6.519558841,6.650267416,6.613003186,6.635578906,6.949662314,7.235032638,7.059685135,7.185833291,7.111960112,7.384105536,7.463751424,7.495252734,7.764344196,7.826499714,8.007524295,8.216497797,8.386914491,8.410675643,8.20197526,8.234524665,8.402894366
biomassPrice-30,4.5,4.64648648,4.732731757,4.720768922,4.775643501,4.879851168,4.88798531,4.849116436,4.886115604,4.88734376,4.875265922,4.837780874,4.8617856,4.965605401,4.986889035,5.039133871,5.147442824,5.205420661,5.29315079,5.218988627,5.276065305,5.319257462,5.242558739,5.443101003,5.509385734,5.562502408,5.437382795,5.623282866,5.581238671,5.555064747,5.533212132,5.569962234,5.635728216,5.862335233,5.850201084,5.866898802,5.755691061,5.722962365,5.838051752,6.102173019,6.0644609,6.296654948,6.288968545,6.416431785,6.3927043,6.231849397,6.271582973,6.312174971,6.331865965,6.51173249
biomassPrice-31,4.5,4.473730678,4.422071311,4.428522665,4.570391918,4.55809556,4.551926586,4.659508,4.743546546,4.852987628,4.90740677,5.006423924,5.032079809,5.040249729,5.127412493,5.198382356,5.366746847,5.484442869,5.445878603,5.612048014,5.564444335,5.504401295,5.551464454,5.603116014,5.573136769,5.788051573,5.793624172,5.776211075,5.905712789,5.999353923,6.035171046,6.251236596,6.475527786,6.304127454,6.355680564,6.41076755,6.498891648,6.568974862,6.536938164,6.470210609,6.416514345,6.297661619,6.529238544,6.436692317,6.348506612,6.438724107,6.51469026,6.625408732,6.623170924,6.777137485
biomassPrice-32,4.5,4.588225062,4.754040017,4.814403017,4.878370624,4.926243777,4.837238204,4.919002457,4.985533007,5.127974401,5.260044614,5.216593321,5.356350915,5.496584182,5.55398552,5.633963938,5.796714586,5.790042007,6.002354002,6.110609838,6.137036821,6.221597837,6.39227386,6.522462126,6.747322428,6.979892322,7.212278492,7.471489105,7.768578738,7.690811575,7.789365008,8.099230619,8.417661371,8.603874688,8.75436962,8.885960226,8.824102776,8.964562423,9.101547408,9.367315731,9.553537679,9.609945893,9.601439424,9.828094022,9.959796983,10.0329838,10.27227849,10.36270915,10.28344316,10.3898339
biomassPrice-33,4.5,4.53189382,4.540713379,4.523472299,4.54217129,4.538733425,4.650573198,4.60665866,4.632426575,4.776668873,4.84355637,4.868325619,4.778983273,4.930708817,5.064333704,5.034936395,5.274076096,5.28206301,5.442010156,5.515394313,5.542398107,5.643889739,5.777868715,5.869233782,5.760343429,5.874073356,5.926128171,6.111620614,6.239630937,6.402936101,6.357281702,6.387105055,6.289300078,6.166274995,6.091501402,6.348315638,6.39228265,6.380068365,6.340373073,6.201076747,6.245010164,6.299116565,6.450739141,6.43404829,6.427906339,6.601969119,6.518214577,6.657839494,6.654002728,6.632315528
biomassPrice-34,4.5,4.506701724,4.48701971,4.616011704,4.767158666,4.810104905,4.982856984,5.127593241,5.216068589,5.159462869,5.263240626,5.472001014,5.464565516,5.580929262,5.530578273,5.53116461,5.584478208,5.800005517,5.738948885,5.801898421,5.772163664,5.947127761,5.884656401,6.053379065,6.295072977,6.298906094,6.415726502,6.573465999,6.695996885,6.628862585,6.672204861,6.776469412,6.94104959,7.11001476,7.282901726,7.455769316,7.293668312,7.212369319,7.224598225,7.287744918,7.562977565,7.649963946,7.729578307,7.667164391,7.938196267,8.042655499,8.094094037,7.983291971,8.167565966,8.3358312
biomassPrice-35,4.5,4.455899172,4.518889321,4.551412333,4.594537455,4.504676124,4.651205533,4.71349897,4.81599707,4.731534797,4.728813059,4.741686526,4.753401881,4.883760499,4.898923338,4.913769256,4.983901988,5.114640234,5.213109375,5.359782825,5.510609421,5.617708096,5.738892968,5.82936393,5.82794196,5.808160865,5.936235412,6.100495086,6.145942462,6.210310833,6.258538827,6.366093859,6.346050491,6.425350418,6.673061512,6.976823719,6.993587128,7.103587292,7.176311712,7.322006506,7.532736993,7.778355869,7.853837784,7.805558163,7.779472865,7.830193376,7.793385179,7.936920342,7.866981394,8.092605647
biomassPrice-36,4.5,4.548001336,4.442436347,4.439851606,4.504157589,4.524888509,4.506549672,4.716512911,4.837003099,4.922828756,4.964013569,5.044974807,5.102572282,5.321642635,5.245786382,5.169330144,5.186844314,5.184391256,5.090603063,5.176394497,5.163400775,5.144767154,5.226430928,5.382817617,5.446578295,5.409700306,5.571928485,5.4695681,5.542778437,5.665809576,5.704566108,5.903232238,6.141113054,6.29429437,6.53861093,6.472392444,6.487692386,6.483673451,6.443405295,6.270564302,6.407055764,6.567728146,6.700007255,6.678950286,6.822790694,6.889101613,7.024303384,6.977453503,7.056730914,7.252332771
biomassPrice-37,4.5,4.534035957,4.548931946,4.664654037,4.837666856,4.887605028,4.78295471,4.80992586,4.984058515,4.944424417,4.849958128,5.031857953,5.226795801,5.361582358,5.391840608,5.378141208,5.44545999,5.586945247,5.569976574,5.747129388,5.822217394,5.65930714,5.785783318,5.992989074,6.014544537,6.044845533,6.11838628,6.212944796,6.281632962,6.23561544,6.397332913,6.506227612,6.55317165,6.599538047,6.755167971,6.768235549,6.761388752,6.76455556,6.731075254,6.802612587,7.042373451,7.192602936,7.270799058,7.324516862,7.515716426,7.630754904,7.869759984,7.958555468,8.101302336,8.306610429
biomassPrice-38,4.5,4.50130314,4.624438291,4.612174917,4.744310985,4.770046498,4.706935681,4.723695446,4.758226433,4.754913359,4.772238218,4.818146816,4.886185455,4.876824913,5.001131888,5.082972974,5.228058691,5.339903395,5.404082548,5.446059322,5.627792949,5.596391858,5.7179562,5.877042635,6.04908771,5.979298608,6.161086637,6.031769464,6.035331814,6.157164214,6.219526926,6.359992855,6.561876243,6.844742182,6.84692596,6.992194524,7.254903442,7.111494499,7.122173443,7.198012667,7.321560061,7.260635939,7.489251072,7.499196024,7.604350899,7.591430353,7.631311944,7.73045865,7.773524223,7.966443323
biomassPrice-39,4.5,4.559693475,4.517871507,4.454262461,4.383958559,4.39464704,4.390754851,4.547599881,4.657766116,4.732532507,4.803594866,4.961540633,4.996015732,4.980251378,4.96012475,4.847974101,4.863102572,5.031007313,5.074790431,5.131079544,5.232542256,5.397112666,5.325030792,5.410907607,5.525824663,5.440492345,5.547611424,5.580187051,5.611049809,5.731842901,5.720357231,5.751847417,5.698695453,5.565998665,5.580455234,5.659570318,5.758738803,5.955744414,6.067606834,6.116416371,6.171247498,6.299018911,6.489543766,6.532454145,6.40921889,6.613175699,6.669999412,6.625204901,6.707323653,6.638070851
biomassPrice-40,4.5,4.594815539,4.655137547,4.818040252,4.808497218,4.765846209,4.921107078,4.940998438,5.101200691,5.167918664,5.266422855,5.253360998,5.415632873,5.492044603,5.553272497,5.697851099,5.67291104,5.755431059,5.85936882,5.892403368,5.923438381,5.925735702,6.035511963,6.125938565,6.257453925,6.333736792,6.299366539,6.436284836,6.393564014,6.371187984,6.47219929,6.652924077,6.683901681,6.879709548,6.877415546,6.919876376,7.077624079,7.176425495,7.364273879,7.420028884,7.544323863,7.687215892,7.745071376,7.791173293,7.898852094,7.796390448,7.89436209,8.139356196,8.47307314,8.530932492
biomassPrice-41,4.5,4.701142771,4.639524978,4.757488389,4.678333292,4.817202376,4.933802996,5.043005054,5.240759056,5.398544637,5.560792331,5.637256115,5.780399048,5.810207779,5.890196015,5.939269553,6.149070489,6.174171128,6.272976294,6.362646714,6.432262643,6.30931335,6.450353965,6.635663982,6.494891295,6.376777317,6.566484957,6.560023357,6.680172269,6.715108128,6.570458024,6.667167071,6.874296497,7.084124821,7.351165151,7.166877284,7.239103548,7.447700498,7.336883549,7.409831298,7.599099587,7.645492968,7.642858945,7.716001483,7.829886141,7.96160244,8.274221055,8.2450923,8.390057286,8.538653924
biomassPrice-42,4.5,4.468319098,4.61291425,4.537291629,4.558881096,4.580052303,4.562037057,4.644600405,4.711854539,4.80638851,4.66778985,4.661072107,4.612335283,4.802168847,4.948885753,5.103968302,5.024853143,4.955949643,5.094015505,5.121862852,5.311190723,5.302824832,5.337569593,5.4772121,5.568822239,5.568488125,5.539748116,5.685826192,5.822552459,5.91165974,5.93901406,6.088934129,6.035713456,6.118217294,6.2149379,6.253411809,6.300494698,6.29073918,6.470277712,6.678882802,6.927918725,7.013877339,7.028122409,7.074995316,6.930685612,6.887895197,6.731790882,6.756771808,6.812688847,6.672702358
biomassPrice-43,4.5,4.669895048,4.543386292,4.743723319,4.942120175,4.911385121,4.897756675,4.97401253,4.936980606,4.870513183,4.777707884,4.886618436,4.872898787,4.902083594,4.933941316,5.097789793,5.271359423,5.438611233,5.648378494,5.626199362,5.619239119,5.617656489,5.658661883,5.753746409,5.978907221,5.95146734,5.914239928,5.945212159,6.045411291,5.889703173,5.755518389,5.763568555,5.955747651,6.028869926,6.240317073,6.322378657,6.218701736,6.069548785,6.152981073,6.193655524,6.314221543,6.307045646,6.422325141,6.504368381,6.790750549,6.964017665,6.87716885,6.944712434,6.911635373,6.884940618
biomassPrice-44,4.5,4.560553499,4.566784184,4.658751128,4.839433534,4.937666981,4.943970237,5.02451572,4.923257065,5.093178067,5.071924718,5.077850817,5.119039213,5.05746858,5.14729364,5.139449206,5.065226574,5.08980038,5.063120486,5.221691679,5.294454893,5.471986644,5.551714467,5.547193664,5.57310031,5.76557688,5.912950321,5.967061271,6.117096484,6.168378145,6.174773592,6.315492305,6.382130696,6.527328672,6.542521831,6.404012435,6.427201157,6.695513103,6.660189036,6.797004916,6.786694142,6.869176521,6.69563807,6.602332164,6.547755191,6.721089785,6.692959249,6.953373938,7.123906627,7.193126572
biomassPrice-45,4.5,4.626989005,4.680477574,4.718641468,4.619165739,4.782034559,4.892058753,4.83863948,4.968810404,5.08766239,5.030778252,5.162271051,5.331563833,5.372283536,5.445197919,5.534838455,5.582333099,5.724695898,5.759981715,5.870945463,6.058496218,6.103664667,6.356769437,6.373337837,6.481888946,6.457481535,6.520780655,6.626953013,6.677150403,6.745337772,6.831342141,6.662439736,6.620629838,6.612449947,6.711658536,6.606663777,6.570941039,6.888772598,6.899607013,7.062858758,7.134305821,7.325781241,7.396491638,7.439065014,7.773671532,7.69056826,7.598628473,7.606559846,7.864738611,8.235917759
biomassPrice-46,4.5,4.584056798,4.66817215,4.72562825,4.838147186,4.881856589,5.033221738,5.041880752,4.896120156,5.044290346,5.144237449,5.295844065,5.384912641,5.326646348,5.37831443,5.583855952,5.554921158,5.617560516,5.555038421,5.577590824,5.727660695,5.728921593,5.867366828,5.913167751,6.063971695,6.006234868,6.006025711,6.009935701,6.089644084,6.302729611,6.43464799,6.472517349,6.539827414,6.718953781,6.922668951,7.036508554,7.122569118,7.2128748,7.375400407,7.380310818,7.456677896,7.602049185,7.620372722,7.421427586,7.51189369,7.663621646,7.927110318,8.005496005,7.996105642,7.900852343
biomassPrice-47,4.5,4.569696649,4.588336607,4.55939706,4.52481389,4.63748013,4.741002148,4.803744483,4.875470028,5.070456336,5.227499087,5.251060102,5.303798625,5.385010036,5.446111007,5.510740766,5.59750333,5.656642844,5.711194771,5.599696299,5.47204897,5.493390321,5.620872627,5.523176375,5.661461457,5.885452474,5.947661558,6.007658485,6.071148529,6.218676828,6.412656279,6.49293706,6.342318278,6.203122334,6.388152068,6.651455312,6.74338551,6.748266808,6.964338394,7.09372167,6.919602197,7.131483289,6.951008638,7.014673021,6.979731407,7.252901868,7.320853145,7.366542499,7.511912071,7.372469501
biomassPrice-48,4.5,4.511275384,4.47108767,4.54691601,4.676129483,4.83276415,4.761303764,4.704457964,4.741817756,4.67917155,4.594434161,4.700231326,4.69934967,4.731294731,4.769231878,4.878729963,4.8993372,4.860016815,4.817730438,4.969485089,5.016287244,5.009359812,5.075680868,5.041194357,5.137372997,5.110304858,5.228892068,5.31824533,5.474202467,5.657774701,5.854747257,5.910678765,6.158395302,6.294162026,6.390907809,6.453528712,6.607920556,6.650496402,6.72736899,6.787256541,6.742463985,6.832049841,6.942506596,6.97865475,7.073697581,7.274466911,7.173805225,7.125808179,7.269871614,7.082755707
biomassPrice-49,4.5,4.563783777,4.507795318,4.50676204,4.579859342,4.663407044,4.72723647,4.749595418,4.806502794,4.761075731,4.921521304,4.84055202,4.815462367,4.82266796,4.874287405,4.771686287,4.75910706,4.713506665,4.812112385,4.852756916,4.883103667,4.985706993,5.037844623,5.105838444,5.250191635,5.279803638,5.436007499,5.550075368,5.432221211,5.374747611,5.440772039,5.407624687,5.430213221,5.299319223,5.293770199,5.388122078,5.39139005,5.601067025,5.589440388,5.655305038,5.769289336,5.868028803,6.103777208,6.052812357,6.064015703,6.133530297,6.203347749,6.409484333,6.43766518,6.460942814
biomassPrice-50,4.5,4.465811842,4.524978635,4.579055398,4.483687448,4.477742754,4.558180115,4.472873173,4.455909126,4.393189287,4.447859234,4.479067586,4.42727745,4.466505438,4.452158705,4.499447732,4.618744078,4.588980371,4.549294861,4.650610607,4.715761495,4.711177103,4.75795122,4.709441434,4.807039058,4.84626587,4.765731756,4.995228249,5.049345626,5.149752291,5.347032091,5.316481598,5.329524225,5.292570716,5.367981243,5.406996317,5.325048216,5.36701748,5.549024789,5.55315444,5.626696087,5.687544485,5.760389019,5.853462539,6.007471122,6.068633034,6.212389205,6.193053109,6.167046145,6.088020054
biomassPrice-51,4.5,4.522439248,4.443157181,4.389344181,4.355067584,4.376760943,4.346511412,4.402051144,4.492287664,4.620975346,4.629014806,4.594402074,4.762710864,4.821132755,5.019662329,4.926542258,4.988857091,4.979185212,4.960910927,5.094138001,5.084709404,5.26206936,5.286440338,5.43928687,5.531740793,5.6608677,5.764405586,5.857305367,5.894987023,6.058004833,6.228783841,6.156016854,6.013001975,6.127373078,6.216103317,6.319127894,6.410915025,6.376675049,6.512785464,6.407312881,6.642926508,6.635528264,6.627275391,6.588487601,6.677554216,6.813178058,6.902752014,7.08067022,7.060123099,6.999927418
biomassPrice-52,4.5,4.542515983,4.640721768,4.696998591,4.58816121,4.672512164,4.613586404,4.688049349,4.614485148,4.631047853,4.726712973,4.731233294,4.754764488,4.935369903,4.848147409,4.815056528,4.885200716,4.823909537,4.878333829,4.931376958,4.880383234,4.805861525,4.849360032,4.947436394,5.163481189,5.130165564,5.224071323,5.149337377,5.243463937,5.20976535,5.44637249,5.382122702,5.474620442,5.562978864,5.590815629,5.585075202,5.724095217,5.789742255,5.827373633,5.926063095,5.752817872,5.88779864,5.814292899,6.049437439,5.946361112,5.879871664,6.026285147,6.122295278,6.338796115,6.401550868
biomassPrice-53,4.5,4.499285907,4.458341014,4.420064048,4.563804188,4.560924285,4.653503647,4.782758874,4.824321382,4.956809151,4.999801402,5.084241716,5.084632318,5.056573315,5.155638675,5.041556181,5.108798207,5.143919098,5.222875451,5.354185017,5.417483137,5.450399984,5.547930494,5.55048876,5.764782197,5.833402055,5.954688256,5.949925987,6.052191978,6.016878643,6.034251292,6.180438819,6.222960333,6.368553938,6.300675753,6.338216501,6.404341988,6.376809549,6.497346893,6.645597089,6.621752255,6.764738666,6.872896204,7.02082746,6.982049739,7.165422588,7.440160608,7.665485843,7.60000803,7.622852511
biomassPrice-54,4.5,4.572442684,4.613056882,4.524657259,4.554120991,4.535361288,4.667080187,4.71007792,4.801693051,4.843727128,4.783577836,4.82003331,4.937791434,5.100362737,5.090244455,5.083540522,5.135510333,5.132377711,5.100010628,5.133616649,5.291533357,5.460248762,5.593614441,5.702210972,5.81333085,6.000934736,5.928806249,5.976326723,5.977426192,5.895979615,5.798604764,5.921194477,5.979429178,6.090042112,6.14343502,6.176815859,6.166311037,6.030357321,6.149937896,6.138926588,6.360814127,6.384504471,6.535365161,6.484723689,6.601553256,6.608287586,6.630084727,6.719245373,6.654892455,6.844858496
biomassPrice-55,4.5,4.539364882,4.448833868,4.382451036,4.420822193,4.394737665,4.512841134,4.48718705,4.657199305,4.749155046,4.831326443,5.037217148,5.195986821,5.306263067,5.375509351,5.272159754,5.33498845,5.296927595,5.266851181,5.503245639,5.365746651,5.441329733,5.63955802,5.69213806,5.815683004,5.876512408,5.895557435,6.039478339,6.026558529,6.077666375,6.165806105,6.352610251,6.236919908,6.389768132,6.433097608,6.462833807,6.420163259,6.663423876,6.869849351,6.790893998,6.915923662,7.115540579,7.281955032,7.406162026,7.500231982,7.582814383,7.553275299,7.516326253,7.80537574,7.984907322
biomassPrice-56,4.5,4.577954169,4.630309547,4.622040786,4.665449958,4.778273294,4.749512862,4.706035137,4.820932351,4.762355206,4.794441896,4.99192007,5.083982396,4.958862747,4.907537966,5.052434021,5.094346745,5.246689965,5.18813298,5.360278179,5.387818278,5.468501579,5.490965357,5.653521645,5.641448205,5.486539461,5.487765654,5.558522428,5.601385363,5.679185252,5.586793426,5.450278504,5.384832424,5.392797308,5.471530781,5.539922052,5.496693244,5.753847452,5.716456287,5.806883549,5.787941398,6.054956249,6.193810034,6.177291304,6.173136872,6.268503017,6.378222773,6.358156391,6.353520449,6.353052953
biomassPrice-57,4.5,4.634879554,4.680078071,4.576171715,4.711873991,4.72130405,4.80216984,4.849699555,4.936519635,4.910453204,4.804966217,4.832290528,4.860866342,5.003087474,5.029701055,5.001872947,4.961870862,4.85823193,4.974309312,5.012497357,4.93318919,5.070979853,5.190523845,5.163502972,5.393306775,5.44113963,5.488135986,5.482262746,5.484875291,5.646165489,5.66123662,5.854153037,5.944026645,5.941890993,5.984857614,5.917148978,5.978314392,5.995427458,6.180446652,6.241236478,6.288057108,6.224736424,6.346013093,6.480941462,6.601058165,6.640186418,6.619989757,6.546139898,6.533133234,6.607833744
biomassPrice-58,4.5,4.568698495,4.640728021,4.77412613,4.738802542,4.814454238,4.738533581,4.749342229,4.819430064,4.769341047,4.803090078,4.764573866,4.712390005,4.793274964,4.972282751,4.930344261,5.026988951,5.07302013,5.049787977,5.039225048,5.211042978,5.27101825,5.270001192,5.499715592,5.383926485,5.469996012,5.511445798,5.745230775,5.895480345,5.861963739,5.857734698,5.813354181,5.927331053,5.891237648,5.933348488,5.894269951,5.784671747,5.82221384,5.987379653,6.083747205,5.96469953,6.181293177,6.326742006,6.25991827,6.319661722,6.223173195,6.149409256,6.265583994,6.290682954,6.266911033
biomassPrice-59,4.5,4.463899584,4.375558758,4.365871029,4.41389714,4.293771037,4.407771815,4.334333412,4.500462375,4.716098252,4.733839194,4.763702559,4.855965863,4.984342885,4.941406653,4.949552676,5.122788533,5.244864271,5.255153344,5.375621593,5.500032951,5.612995028,5.626940794,5.762519191,5.791529482,5.796695516,5.853287798,5.968534762,6.128954668,6.211349429,6.372244903,6.550292253,6.830733604,6.929786732,7.134043005,7.199998464,7.36546291,7.555721666,7.527859117,7.623797656,7.754720307,7.786618904,7.791544272,7.7450797,7.726152498,7.964933541,8.024889797,7.903445749,7.739378469,7.901811644
biomassPrice-60,4.5,4.653600861,4.819516837,4.848597885,4.871313615,4.91588358,5.099762096,5.076198931,5.080863683,5.077983581,5.251895968,5.471286297,5.71272623,5.780731086,5.789766373,5.885333373,5.806016864,5.857761929,5.795137851,5.760874469,5.891372451,6.088810123,6.009860243,5.905032475,6.06088755,6.08206348,6.040432641,6.114016392,6.245352048,6.258903484,6.485587153,6.673748355,6.645758812,6.640393268,6.719222999,6.832010852,6.961722635,7.095612061,7.225215857,7.513348404,7.680204617,7.821044655,8.048117477,8.120674485,8.451000711,8.559489918,8.659783586,8.791256043,8.763372985,8.849387615
biomassPrice-61,4.5,4.666837191,4.665859182,4.705621695,4.874184125,4.999687718,5.055998611,5.258828588,5.331650267,5.394494563,5.529648864,5.585633178,5.70911656,5.828483401,5.811912452,6.001441466,6.00871835,6.148998223,6.110698656,6.206530524,6.294634406,6.345582242,6.47528235,6.560072088,6.65384429,6.687250811,6.827746527,6.884126628,6.992576569,7.11863944,7.304403059,7.329931286,7.598838622,7.570820012,7.642372597,7.767931262,7.775270707,7.900953976,7.977843142,8.005722246,8.101817433,8.28944231,8.38644545,8.483597894,8.490265,8.391858243,8.780795548,8.788692885,8.794339501,8.769024315
biomassPrice-62,4.5,4.40535451,4.474562016,4.522620914,4.574063145,4.51909579,4.558165698,4.519430937,4.545320721,4.453040078,4.547290845,4.485628935,4.477049781,4.616204218,4.594079737,4.650332402,4.70547486,4.76010234,4.805435186,4.924307809,4.967924881,4.944977173,5.022532169,5.116700865,5.142148604,5.099383579,5.152447092,5.244024556,5.28823808,5.283127704,5.340368081,5.500927073,5.480969113,5.69460674,5.708965402,5.675657407,5.569468269,5.760276702,5.931753499,6.08561304,6.111064231,5.990321822,5.935434117,6.076320051,6.164008549,6.296117685,6.426496901,6.476663151,6.670299874,6.839187119
biomassPrice-63,4.5,4.580397348,4.735910036,4.742382125,4.82916009,4.913201229,4.914302601,5.002899175,5.094605838,5.013940567,5.098916818,5.096155177,5.189470635,5.222090295,5.357504225,5.491773403,5.561426846,5.508613947,5.57293868,5.627797313,5.597578393,5.679574255,5.686900074,5.705650586,5.651318713,5.71934638,5.763742901,5.839302708,5.718609368,5.745151047,5.90916882,6.102068304,6.226305345,6.295169221,6.434829806,6.643689062,6.678202981,6.766189489,6.947993183,6.792366437,6.748124411,6.76114279,6.787003691,6.901071096,6.969034169,7.07256355,7.343423088,7.556252005,7.703484433,7.797347638
biomassPrice-64,4.5,4.539682369,4.593527278,4.732462177,4.813725227,4.812819304,4.830750193,5.048675003,5.10378072,5.216865732,5.243184603,5.3418604,5.20609926,5.165205894,5.240530234,5.362788906,5.515066018,5.486470737,5.599630348,5.668904491,5.63199865,5.599651894,5.665267978,5.626993395,5.742382788,5.852469906,6.014727287,5.895386967,5.977318134,6.017579077,6.086755919,6.136489406,6.348803014,6.198854424,6.23020592,6.317319454,6.468912825,6.391441541,6.597366309,6.541101309,6.595357205,6.834685011,6.893735082,6.819202354,6.666762311,6.687010327,6.791237836,6.964154343,6.799278794,6.88695273
biomassPrice-65,4.5,4.568744197,4.601275101,4.629420252,4.568215288,4.690264699,4.573239171,4.760564136,4.879717593,4.911914338,4.956191976,4.934049644,5.025236693,5.054287013,5.054482147,5.101520869,5.068378328,4.977837467,4.97390771,5.198992813,5.349796538,5.346312407,5.477095161,5.423875009,5.338694716,5.228913246,5.172252334,5.204800923,5.327120892,5.461759048,5.621943092,5.7047587,5.705732774,5.959913333,6.036554901,6.202436073,6.23294957,6.31256693,6.210871775,6.204064102,6.209141684,6.331066238,6.530485074,6.482188348,6.540006969,6.782928146,6.907520021,7.135302518,7.290334944,7.2780002
biomassPrice-66,4.5,4.572851165,4.653862076,4.68814753,4.779310108,4.869441645,4.790230119,4.845413149,4.972913519,5.190545356,5.253515716,5.232846671,5.179718118,5.162522235,5.042723866,5.191090112,5.229030979,5.33929123,5.380236587,5.360302439,5.495201117,5.514603562,5.589037593,5.646648002,5.68848893,5.637547543,5.723815966,5.910384117,6.153879447,6.209020477,6.180652376,6.177056868,6.293426813,6.416575092,6.616333615,6.665148808,6.744980595,6.801506174,6.764689648,6.883053156,7.06982589,7.150414114,7.308714208,7.380970171,7.502903988,7.454154228,7.650066655,7.652350436,7.76096338,7.695109148
biomassPrice-67,4.5,4.537373176,4.594975613,4.513299983,4.606238165,4.778943336,4.796788936,4.745726246,4.794768369,4.870188385,4.972469418,4.895569241,4.903590548,4.841904763,4.770057496,4.794651376,4.843559386,4.858460444,4.957224834,5.086172361,5.066078179,5.153322581,5.24944511,5.363009732,5.38029812,5.579497416,5.652590764,5.85302532,5.749272904,5.754910195,5.835517233,6.011993586,6.090390991,6.108885489,6.052701889,6.20616051,6.339322064,6.30444829,6.369910481,6.508378371,6.615288248,6.806098806,6.914221147,6.903132215,6.989911572,7.094867913,7.128085942,7.246515376,7.172208324,7.385970478
biomassPrice-68,4.5,4.526498425,4.57465738,4.697299828,4.757792173,4.795584325,4.875775411,4.804818491,4.795059872,4.730513553,4.751089776,4.84850042,4.958010113,5.041900579,5.056759925,5.106284096,5.195497274,5.220146859,5.426680229,5.369679247,5.497658066,5.46155716,5.626514342,5.813436068,5.756182189,5.883906652,5.8434008,5.801230778,5.660004704,5.59485576,5.662128216,5.745863903,5.890287638,5.8571349,5.772875519,5.986860692,5.885101781,6.047989158,6.012113803,6.093911615,6.06141335,6.129607235,6.109620786,6.282759273,6.146389116,6.185912815,6.194137261,6.132759723,6.106850157,6.271288241
biomassPrice-69,4.5,4.558381745,4.612929188,4.626021913,4.650340384,4.594525889,4.641012834,4.625610258,4.652257406,4.767369067,4.663410104,4.838582657,4.856703592,4.917903445,4.776913513,4.814575467,4.881138151,4.944553085,4.857382198,4.779408922,4.780141936,4.808576917,4.859253791,4.920832539,4.873941646,4.848999538,5.056795779,5.101406933,5.134145638,5.226300972,5.254159087,5.212060012,5.304684393,5.499741278,5.579350436,5.58625902,5.599869434,5.553404981,5.774306011,5.89299215,6.014930977,5.969775185,6.074181142,5.961554353,6.038557126,5.929235438,6.049412436,6.140290536,6.054846519,6.106592011
biomassPrice-70,4.5,4.577420878,4.619021039,4.667788802,4.642790237,4.731170807,4.681134187,4.751494259,4.77400701,4.780042146,4.842064281,4.814714,4.862846132,4.765052768,4.879526279,5.047881055,5.010229252,5.151676418,5.26077823,5.339644459,5.4027616,5.264711552,5.360576435,5.297586332,5.470373879,5.400455183,5.478333141,5.424887408,5.674434946,5.735868524,5.850121675,6.116449375,6.261921174,6.239926102,6.200042885,6.092713536,6.194964146,6.124898143,6.300901164,6.5125179,6.458499495,6.369498475,6.521400896,6.694458911,6.962609234,7.089487537,6.980562532,7.056530962,7.132321392,7.160205421
biomassPrice-71,4.5,4.597097888,4.474015321,4.550365116,4.57989585,4.734741135,4.823231733,4.746005463,4.793079316,4.781200516,4.699198501,4.738533951,4.762338435,4.690978163,4.659277716,4.807950076,4.987127322,4.955312554,5.02484883,5.029384052,4.994372601,5.105700428,5.206395056,5.261572645,5.368348054,5.372941869,5.431661092,5.580553986,5.775380144,5.786686122,5.800905012,6.046819697,6.211111523,6.14520287,6.176267707,6.254976866,6.402540938,6.318679516,6.169943419,6.18016165,6.26370097,6.466752872,6.467368303,6.632524114,6.643043762,6.923525445,6.804168673,6.789133117,6.705571655,6.753823814
biomassPrice-72,4.5,4.53266323,4.667989128,4.755393133,4.85489003,4.994038525,4.974432868,5.091435237,5.059408825,4.949767894,5.014865304,5.048631571,5.149732904,5.387616325,5.465706595,5.392936646,5.340591425,5.267275623,5.186069252,5.052324882,5.074286924,4.93963313,4.896409062,5.015685412,4.972943312,5.168712334,5.326964274,5.290396188,5.405593088,5.313532718,5.39787079,5.514532572,5.551715544,5.549294068,5.484769903,5.5586182,5.554099804,5.816147564,5.862533897,5.980011196,6.11339219,6.235011236,6.45618167,6.5502898,6.676968018,6.739630324,6.876361174,6.886526595,6.904481461,6.937718507
biomassPrice-73,4.5,4.561980672,4.716123054,4.589215296,4.573520021,4.528988865,4.588632061,4.572913237,4.638498027,4.587275812,4.696958713,4.80147354,4.908024064,4.969563988,5.023930954,5.04584688,5.041826931,4.999499279,4.989282621,5.016583482,5.068462426,5.072911322,5.139973625,5.172439265,5.360467732,5.247373826,5.320123149,5.452653773,5.41687942,5.445972138,5.424609253,5.412095282,5.590238993,5.622328059,5.645665882,5.75289733,5.833586074,6.080199865,6.310252215,6.495282511,6.597092556,6.475166993,6.547197579,6.85630376,7.109355547,7.210392176,7.344466739,7.541500662,7.76247298,7.63679583
biomassPrice-74,4.5,4.562453219,4.60430058,4.504063896,4.488663513,4.627467627,4.644393505,4.694320475,4.757130341,4.77978138,4.66126203,4.650396973,4.533390143,4.486949825,4.518315408,4.558687992,4.688440051,4.821703897,4.878330873,5.07275947,5.043522062,5.052205929,5.158052217,5.217546856,5.139047111,5.361273674,5.384030962,5.450336629,5.562998479,5.688416323,5.714089612,5.729056403,5.763602053,5.815121018,5.925013042,5.956617335,5.937670828,5.95018588,6.013734481,5.99824235,6.071315993,6.210923999,6.453709351,6.489435626,6.60987112,6.47885419,6.485875529,6.633301097,6.653460485,6.546071026
biomassPrice-75,4.5,4.534223249,4.580955927,4.582903512,4.688799925,4.637002086,4.700198131,4.603800565,4.724581716,4.713865365,4.857680058,4.865864488,5.009995482,5.236797943,5.279457609,5.387130597,5.491123827,5.707968147,5.790524959,5.834197173,6.034338284,5.947163572,5.978908094,5.844412131,5.7806533,5.881720873,5.933191143,6.085700453,6.308855402,6.5407781,6.397380292,6.535840044,6.616476484,6.526200141,6.615568239,6.703400619,6.905163376,6.897856653,7.045556224,7.047918884,7.030027451,7.150046503,7.020429165,7.154104773,7.176799136,7.429274142,7.394665242,7.538788139,7.805096644,7.81538436
biomassPrice-76,4.5,4.553191504,4.528472451,4.432022082,4.516209129,4.606432222,4.537847185,4.588865377,4.655096029,4.736010806,4.788635718,4.879749551,4.821519206,4.891713856,4.84773821,4.919375364,5.016931632,5.170062366,5.363751405,5.467151399,5.339693713,5.244752116,5.235492149,5.340684995,5.338134536,5.431578555,5.375062687,5.500634745,5.584554381,5.683959194,5.796981664,6.056499543,6.075341487,6.241825856,6.387473433,6.449419828,6.535671208,6.455257595,6.466994931,6.358424227,6.427288485,6.436478732,6.438528544,6.401104329,6.510324466,6.502506131,6.562685409,6.536290085,6.460168149,6.507341851
biomassPrice-77,4.5,4.576491255,4.686956205,4.730356771,4.811822349,4.838768146,4.984302271,4.903055802,5.020885748,4.942249763,5.04487,5.216748391,5.402636098,5.594771255,5.61601974,5.63945695,5.766551609,5.991649991,6.027286381,6.006240378,6.129578608,6.200842633,6.25599134,6.33174424,6.389206209,6.37728413,6.449324382,6.615899293,6.904214304,6.792288886,6.887487282,6.993370292,7.121321508,7.047552097,7.190265615,7.420054104,7.411935198,7.652115029,7.83469168,7.94377355,8.281552415,8.199580057,8.162472747,8.246967288,8.496633827,8.695890105,8.568397956,8.413878577,8.50260698,8.780780148
biomassPrice-78,4.5,4.584278058,4.520027293,4.553330035,4.54385395,4.574689271,4.614176942,4.532026472,4.585323694,4.558600656,4.705334591,4.762167026,4.753570472,4.667039601,4.768856124,4.922843779,4.884219764,4.830390765,4.959588368,5.076532868,5.291805869,5.367662818,5.447752828,5.435025646,5.57602458,5.600529035,5.566413045,5.569799514,5.585577235,5.568059199,5.669733071,5.669936708,5.890154525,5.838312219,5.703977372,5.619929805,5.761106714,5.811468348,5.777011293,5.693230617,5.809197435,5.770322783,5.795158434,5.868852407,5.854436715,5.841583271,5.899417117,6.174730686,6.351760703,6.64508871
biomassPrice-79,4.5,4.448541588,4.449368803,4.4168596,4.460211405,4.438686011,4.469608259,4.657415861,4.767661922,4.791586617,4.974999202,4.871364303,4.972205335,5.15085759,5.22811005,5.438926152,5.320146496,5.354422971,5.473209316,5.375209116,5.504310151,5.527381036,5.529169531,5.636291374,5.610841153,5.463314541,5.512664908,5.540507222,5.548796077,5.635966671,5.568788476,5.624661237,5.745258248,5.700267947,5.925816264,5.983550273,6.002610407,6.273090061,6.281035809,6.257200483,6.147293724,6.193420917,6.104403482,6.230319831,6.333322999,6.338134721,6.619279365,6.623981768,6.679132277,6.720385641
biomassPrice-80,4.5,4.547074384,4.547675238,4.531699545,4.654339867,4.654956229,4.776431248,4.807418843,4.907206039,4.902846098,5.015919156,5.0364662,5.157874483,5.352255364,5.393171044,5.534716357,5.750511844,5.711844588,5.644009921,5.69834016,5.71115222,5.667599769,5.68903348,5.688369494,5.70079691,5.665102609,5.563754614,5.644392646,5.630038087,5.729930495,5.834098275,5.855680745,5.947092207,5.857338577,6.042309485,5.973489846,6.074088218,5.955230271,5.952917848,6.121833885,6.404531021,6.606494346,6.695789871,6.61824332,6.720121884,6.896346365,6.93601878,6.85760704,6.823331779,6.669377294
biomassPrice-81,4.5,4.455791128,4.490989141,4.562027619,4.669595937,4.679107065,4.586874201,4.595227207,4.559110811,4.651089906,4.737974983,4.810192801,4.766229653,4.951013755,5.087045975,5.198605478,5.210318168,5.328790724,5.274508555,5.280816111,5.333490974,5.423370864,5.631010118,5.693341786,5.696525108,5.748908937,5.814772868,5.904999823,6.02614557,6.109132656,6.218908911,6.354488273,6.454919455,6.623018262,6.81555973,6.721285838,6.734720573,6.969211886,7.060516163,7.061911925,7.363962826,7.659349342,7.61969488,7.853794446,7.840044579,8.188379498,8.463799444,8.514913016,8.765147479,8.612579303
biomassPrice-82,4.5,4.532055662,4.478655625,4.596085619,4.70119666,4.60717649,4.65744624,4.797872126,4.860810351,4.978217627,5.113929593,5.158823503,5.178988374,5.346951337,5.352842077,5.443119343,5.547807285,5.65353474,5.877344993,6.003848962,6.063926276,6.186429953,6.158450321,6.302413758,6.44231818,6.637275693,6.849546898,6.961226356,6.947811192,7.033546871,7.081870716,6.959738884,7.197227838,7.264239847,7.2868532,7.417245486,7.613687482,7.830183036,7.906112884,7.971637894,7.815911315,7.913814161,7.979989205,8.01326778,8.260079596,8.565448933,8.822057216,8.983183528,9.031251002,8.854248533
biomassPrice-83,4.5,4.580172142,4.655879958,4.686086071,4.694686309,4.744003214,4.662718514,4.711808549,4.706149486,4.852369629,4.903794104,5.014124269,5.128817206,5.179715212,5.202138798,5.322260904,5.293661406,5.342409043,5.52341465,5.534969759,5.472487207,5.508062933,5.421373985,5.330579643,5.492027886,5.602061255,5.615846401,5.773547201,5.912071174,6.123222824,6.071157146,5.923091078,5.92355519,5.850026731,5.965002959,5.986654397,6.204008095,6.314224782,6.548252776,6.727472422,6.833921046,6.988454257,7.124041074,6.991792538,7.112912909,7.385111899,7.556639626,7.838447851,7.753796826,7.85877311
biomassPrice-84,4.5,4.646490439,4.632098448,4.731911213,4.914590962,4.892549737,4.896117023,4.900512604,5.046603649,5.099795107,5.242381497,5.26636622,5.357742975,5.521230602,5.551851896,5.628055886,5.573437917,5.60781283,5.700807826,5.737908297,5.697352578,5.731746735,5.677239926,5.606896679,5.66656776,5.936338883,5.945480369,6.039638949,5.999636087,5.979665758,6.063888993,6.026823617,6.056347464,6.282525169,6.27082199,6.538121292,6.580226535,6.57254388,6.534785003,6.692493507,6.729691026,6.809507111,7.061385793,7.170648567,7.078840181,6.898758885,6.973720384,7.028377428,7.122930755,7.134884767
biomassPrice-85,4.5,4.409569974,4.380500671,4.359487567,4.404022181,4.429637407,4.430339058,4.437358612,4.454285933,4.526077692,4.590364716,4.694454909,4.821933526,5.028710745,5.183467198,5.199468137,5.334282133,5.378926615,5.237453895,5.373471274,5.455476189,5.395212048,5.399440148,5.38118539,5.343354014,5.367545959,5.586956606,5.712225081,5.883273326,5.914113991,5.925927878,5.89039771,5.86298448,5.977675198,5.853910728,5.920555534,6.014114892,6.020749765,6.250688747,6.334164005,6.26245939,6.180658556,6.34305673,6.478690404,6.578780656,6.789171478,6.86701389,7.014019056,7.257967751,7.536369114
biomassPrice-86,4.5,4.565405055,4.69055149,4.750323081,4.841758928,4.833909114,4.916953671,4.928282103,4.826083406,4.74491932,4.799018651,4.825609784,4.899541222,4.972301932,5.027235106,5.010922904,5.090509692,5.092273095,5.223996313,5.324396342,5.298016725,5.253896272,5.468044304,5.580896898,5.741097525,5.721146879,5.719902043,5.794497803,5.949193853,5.919623591,5.823404534,5.950154717,6.124214606,6.263356226,6.37519648,6.542884474,6.520811845,6.524143534,6.56584576,6.57997623,6.670285898,6.631425976,6.689892333,6.739340947,6.808650463,6.966613528,7.162197426,7.271746204,7.290839426,7.356143779
biomassPrice-87,4.5,4.433974147,4.550987019,4.644070995,4.688823613,4.77606094,4.897898455,4.982780151,4.894380523,4.934752747,4.876833984,4.892894556,4.842050272,4.940281908,5.025552829,5.011981031,5.098753245,5.139230229,5.185090703,5.266334376,5.240306314,5.298576894,5.41674106,5.475748662,5.671744377,5.837077539,5.945468514,5.8133132,5.743353659,5.840647629,5.997357514,6.002628487,6.066510572,6.115464382,6.24692316,6.299643695,6.34380821,6.40860247,6.548455049,6.825916804,6.945649854,6.846988232,6.669815936,6.642086787,6.675403522,6.791373933,6.867271378,6.95522536,7.116697417,7.255026347
biomassPrice-88,4.5,4.601742475,4.629699385,4.623603928,4.749296454,4.928944201,4.989706396,5.002695237,5.114785948,5.18875618,5.324361011,5.392676933,5.492121872,5.524583306,5.584122519,5.742781626,5.928813388,6.214652923,6.311231476,6.190394051,6.06477118,6.174549079,6.290236184,6.12099641,6.214864289,6.174365201,6.188846452,6.293163859,6.557985198,6.602235406,6.806039768,6.784530845,6.936955767,6.99089313,7.016694324,7.092350064,7.106733883,7.11566946,7.043321129,7.138764478,7.146312895,7.181505752,7.2259864,7.127016649,7.010873437,7.071829939,7.122592552,7.039855393,7.291480699,7.516909362
biomassPrice-89,4.5,4.524908806,4.613193126,4.60811653,4.572079723,4.615153471,4.704977817,4.818399471,4.963416184,5.080646923,5.114854584,5.254936321,5.41741785,5.394115483,5.434131332,5.282669211,5.261592717,5.352635039,5.364972798,5.258840311,5.34550834,5.538529161,5.413038817,5.408079632,5.502729624,5.5543646,5.513122543,5.56999034,5.445982748,5.527130639,5.600379425,5.652662309,5.723897982,5.931655676,6.184024012,6.072421754,6.067081122,6.082470103,6.114128766,6.276067915,6.345245835,6.59951488,6.564212402,6.526340477,6.417910043,6.46497797,6.59021035,6.721601921,6.895287671,7.031573295
biomassPrice-90,4.5,4.543747053,4.638699,4.80942569,4.822947386,4.745545568,4.788253761,4.996191893,5.052678958,5.280642933,5.248624778,5.318398058,5.337313228,5.208813732,5.121722656,5.112652804,5.236888328,5.334322312,5.309152488,5.433587548,5.569847029,5.486718934,5.499083865,5.551096636,5.491977898,5.444534432,5.404750261,5.442307422,5.545230269,5.679188603,5.687602695,5.776194661,5.818246097,5.71973499,5.760027153,5.879916133,5.851720527,5.85102761,5.892982438,6.041684638,6.045794365,6.190200495,6.237807663,6.256361057,6.280769276,6.250880787,6.385890221,6.549686445,6.636481951,6.475594381
biomassPrice-91,4.5,4.486879596,4.541665113,4.720986167,4.670306645,4.697921787,4.665944831,4.763235353,4.800590308,4.844501907,4.915226116,4.858310958,4.814484478,4.945075169,4.921392789,4.970007796,5.11322457,5.170649647,5.238271399,5.207114455,5.160904731,5.189204834,5.30788941,5.471860404,5.504006935,5.742257815,5.71117707,5.802019687,5.92677982,5.990389147,5.860084304,5.884531106,6.065756262,6.205072941,6.349208407,6.225589462,6.196865461,6.248431061,6.337504435,6.450791683,6.600914267,6.653987157,6.723956277,6.734002277,6.900105971,6.952760764,7.125198452,6.969257619,6.888673422,7.028582396
biomassPrice-92,4.5,4.579130556,4.753044319,4.767638733,4.942248577,5.050533769,5.140279986,5.070951942,4.998195131,5.032348721,5.166308348,5.215718553,5.198195691,5.211156719,5.142399659,5.2648601,5.491517997,5.371833334,5.277715699,5.417363844,5.473042035,5.572439314,5.539541366,5.409082572,5.604218521,5.655594693,5.770153093,5.804113334,5.900185636,5.994260226,5.911208737,6.137612706,6.202856776,6.269064047,6.318774966,6.389024448,6.517740648,6.534088446,6.617999932,6.8618023,7.104249758,7.050397764,7.171225014,7.121665824,7.14465619,7.263191935,7.242831247,7.168156755,7.137060256,7.153285611
biomassPrice-93,4.5,4.582360738,4.647294997,4.725136747,4.809626813,4.878002731,4.889788358,4.771036007,4.867597575,4.946721877,5.121201569,5.065744438,5.068737814,5.095987704,5.151714762,5.164318015,5.168922551,5.089563416,5.258335099,5.297817745,5.23530247,5.245162618,5.30390695,5.423420487,5.516206447,5.63073671,5.538316247,5.550541811,5.739827735,5.776896709,5.914923554,5.838253032,5.861837271,5.846524034,5.704873688,5.820504827,5.838770156,5.837990291,6.070471491,6.062869747,6.323015484,6.413306984,6.400080471,6.363471642,6.55779188,6.634146186,6.672980046,6.807469502,6.896569437,7.115002039
biomassPrice-94,4.5,4.507168561,4.479535201,4.606215783,4.544279338,4.638677553,4.73113035,4.781090686,4.86266024,4.915894546,5.107008316,5.21088302,5.378197027,5.529465505,5.427575797,5.594289862,5.704578585,5.71504071,5.850575469,5.940335131,5.888739808,6.040015214,6.143400468,6.193227357,6.227972657,6.329317684,6.439409236,6.499746595,6.541138767,6.685663754,6.95355521,6.989461963,6.814023642,7.037257878,6.961873238,6.962269967,7.011916843,6.907426831,7.047584408,7.102094201,7.095841584,6.992918851,7.01749429,6.861651661,6.950397091,7.084620731,7.31349203,7.409464011,7.502517369,7.766118218
biomassPrice-95,4.5,4.582516292,4.605153666,4.61844608,4.655428069,4.756300997,4.781821215,4.717485239,4.752459149,4.811147465,4.839048148,4.913515758,4.999848514,5.108352471,5.189657262,5.169498913,5.215778291,5.356161356,5.312647793,5.288999765,5.412084342,5.406725055,5.436206357,5.474345259,5.620936423,5.750101673,5.734857877,5.777264971,5.790887714,5.89193686,5.93487282,6.035800454,5.945139924,6.168721924,6.398210349,6.671430852,6.941566486,7.219052543,7.397210789,7.571048763,7.57577084,7.55433028,7.692021299,7.785622076,7.739102845,7.70585554,7.560669315,7.53813941,7.450948338,7.439569881
biomassPrice-96,4.5,4.633938505,4.702941209,4.587949822,4.705597032,4.760377471,4.675151368,4.848562963,4.966739681,5.053284272,4.967040066,4.911797963,4.968136513,5.042349621,5.098248044,5.233585486,5.210363529,5.198450737,5.275866111,5.264409927,5.441753472,5.462616538,5.416819766,5.525494746,5.63846621,5.602506555,5.652135953,5.776229714,6.035744928,6.276388802,6.300020916,6.349696485,6.416851462,6.527747278,6.739051843,6.569226314,6.709224115,6.785481668,7.034477746,7.261166428,7.300287488,7.393853186,7.6350242,7.733606287,7.895583642,8.149472668,8.041999486,7.991057962,7.908364728,7.852374984
biomassPrice-97,4.5,4.483484194,4.455988777,4.481717415,4.613052032,4.743373539,4.637149219,4.697275099,4.746750065,4.906561739,4.808736983,4.78098667,4.853518033,4.928187876,4.974318139,4.99161615,5.055230569,5.04011276,5.255414102,5.112894456,5.162496716,5.329044066,5.460190178,5.38975872,5.383936012,5.385415929,5.435502771,5.475503906,5.493771548,5.588710489,5.71471848,5.904853227,6.010019602,5.972040121,6.182898968,6.19596625,6.221939795,6.369722161,6.31052272,6.360669277,6.284761737,6.467705465,6.686964043,6.903558033,7.02537512,7.125740168,7.014861053,7.273316206,7.489453597,7.749212213
biomassPrice-98,4.5,4.613334419,4.554655594,4.652560559,4.655004917,4.795245188,4.671665554,4.782623331,4.89722457,4.933024712,5.146241021,5.193901711,5.214774565,5.338845183,5.435138764,5.533947736,5.597210871,5.700141343,5.726879553,5.78894801,5.864471441,6.061707389,6.248049469,6.423129013,6.442864876,6.606140929,6.623363469,6.764520195,6.785151508,6.965412636,6.943810993,6.945972839,6.99383161,7.078563978,7.166853888,7.194428405,7.240280749,7.128917391,7.309920554,7.457182862,7.601969623,7.626774167,7.834381135,7.817404148,8.046074533,8.050551423,8.200304768,8.300022554,8.54020066,8.694899773
biomassPrice-99,4.5,4.539733022,4.675868918,4.790464931,4.804617917,4.938848464,4.873315691,5.068025168,5.130503702,5.074437339,5.127203623,5.198599769,5.364666962,5.379266942,5.435530116,5.428171525,5.508788339,5.74173542,5.760231224,5.724647236,5.696131282,5.789570138,5.815907598,6.006366036,6.136620277,6.243251405,6.31181573,6.285461896,6.366392959,6.483627478,6.501170915,6.531777045,6.625434215,6.812466022,6.898314903,7.143736571,7.477663605,7.637250957,7.704159824,7.657866428,7.957471777,7.774522888,7.780531415,7.958467814,8.010269812,8.273477433,8.23565356,8.180530858,8.271635566,8.569050743
biomassPrice-100,4.5,4.472943718,4.536294032,4.590636,4.719467372,4.759371307,4.739978593,4.84237939,4.862270722,4.912591044,5.03522692,4.944722864,4.996740635,4.960005035,5.079872649,5.126037532,5.211611272,5.280154569,5.465217426,5.478251259,5.555063919,5.637555876,5.595064637,5.78918849,5.851006423,5.956797635,6.067403677,6.172185579,6.318282782,6.415042479,6.664365124,6.633598861,6.738045842,6.751669454,6.634261562,6.681828301,6.755719817,6.847237745,7.067498435,7.067472035,6.894221865,6.898261388,6.933263036,6.968977087,7.074104275,6.957481501,7.089425952,7.053767224,6.897945169,7.118624362
biomassPrice-101,4.5,4.562336617,4.578052187,4.665632695,4.836916561,4.806424361,4.864557981,4.972133586,5.087928523,5.162202421,5.071715159,5.065329748,5.161199122,5.379337337,5.505435673,5.656388873,5.780083119,5.815479393,5.812914488,5.714998441,5.67202802,5.925775683,5.831138856,5.954414852,6.190476592,6.369300916,6.284066199,6.464955492,6.5510542,6.421404266,6.56831188,6.659905322,6.491708465,6.515340945,6.636475396,6.50329222,6.529412619,6.670994327,6.984665345,7.022927985,7.101081939,7.139136876,6.987129447,6.968735913,6.983384277,7.244383072,7.230306025,7.210697667,7.188427381,7.322520562
biomassPrice-102,4.5,4.610656603,4.562575175,4.574040031,4.584075579,4.681098972,4.748706114,4.913709839,5.006276342,4.87944982,4.819555125,4.825518786,4.899703411,5.025439755,5.055017735,5.176212684,5.303246682,5.34650137,5.33426924,5.287921127,5.268967443,5.129474744,5.071675453,5.203376984,5.181023158,5.205838467,5.257807877,5.302388321,5.365614859,5.338021018,5.322795162,5.37071079,5.521703748,5.631359993,5.703089976,5.596555336,5.730315707,5.930848138,6.023938847,6.08437303,6.372464115,6.65326116,6.854058285,6.896076447,7.022113532,7.180805694,7.132694759,7.164463554,7.479865905,7.524750429
biomassPrice-103,4.5,4.559721802,4.490289941,4.416286514,4.499918149,4.483829689,4.507229378,4.555903502,4.585357631,4.531720307,4.65450642,4.585406331,4.643963087,4.694711142,4.732495758,4.760238911,4.751965083,4.905988072,5.015680091,5.119847913,5.151987906,5.249841268,5.423637212,5.603122037,5.651310107,5.614072711,5.61617789,5.590694903,5.681688472,5.53286025,5.421022027,5.543194093,5.544533815,5.613711499,5.776405854,5.624105039,5.77981685,5.751787548,5.643968151,5.688969439,5.672877303,5.789294463,5.702579102,5.631928998,5.834440512,6.009139166,6.014010812,5.876771855,6.01868507,5.978510469
biomassPrice-104,4.5,4.522023916,4.455579548,4.515284167,4.608979479,4.571894866,4.54123761,4.532681724,4.655014852,4.652601263,4.604935406,4.686528037,4.744190299,4.711281708,4.796648788,4.760457159,4.718502726,4.733276926,4.874809477,4.922417787,4.840709665,4.875305152,4.91745277,5.005979595,5.081206125,5.252872349,5.319977078,5.439849628,5.58181643,5.547103949,5.574932737,5.701409626,5.654650813,5.579799722,5.518616879,5.632122536,5.76912657,5.864368372,5.910691476,6.076651326,6.124131239,5.998070747,6.273647747,6.161093913,6.270222734,6.351552325,6.380211489,6.463018425,6.421216222,6.510252643
biomassPrice-105,4.5,4.627791068,4.790009354,4.831995458,4.881054509,4.870344927,4.97239375,5.017413667,4.989750919,5.069032666,5.086535929,4.988157914,4.910021676,5.066115246,5.28326273,5.160340018,5.210786442,5.266225692,5.345713794,5.387337759,5.496618606,5.641195579,5.654557875,5.603028914,5.543713723,5.68828712,5.581391873,5.588240156,5.720520419,5.874022069,5.888066898,5.956837078,6.014200821,5.92927856,6.025111452,6.11648418,6.190925001,6.369143601,6.595388707,6.788544103,6.694249813,6.85030827,7.01518187,6.924908448,6.975698933,7.012814882,6.983537204,6.889598418,6.935944003,6.996780961
biomassPrice-106,4.5,4.551998484,4.528226302,4.544686838,4.596422098,4.656889033,4.700915547,4.751728245,4.770341532,4.762823171,4.872218917,4.914836007,4.942398277,5.083460398,5.294929379,5.178156707,5.34765147,5.303329846,5.232632441,5.330566755,5.348211102,5.453365962,5.626029059,5.72657664,5.821839302,5.863594444,5.811893411,5.668732194,5.771537085,5.750418728,5.837873465,5.858435744,5.94581739,5.852172904,5.88696016,6.074171482,6.306512951,6.302014559,6.460838525,6.613560157,6.50135772,6.414810914,6.464649814,6.51769722,6.744985856,6.711102956,6.635834694,6.737798423,6.869592868,7.096575023
biomassPrice-107,4.5,4.442375186,4.500083593,4.528245323,4.625864202,4.621381474,4.577871283,4.626243161,4.568831224,4.657485892,4.686248249,4.73645327,4.740213734,4.842812962,4.830735726,4.836954626,4.871101015,4.918053331,5.088801102,5.012023242,5.073278381,5.131467556,5.152531179,5.111892728,5.249577626,5.386929603,5.42194576,5.506576886,5.547854973,5.485505841,5.577469135,5.443650063,5.456239681,5.598737206,5.565748956,5.43643747,5.55652465,5.708536168,5.909260247,6.011999679,6.037452189,6.260269454,6.386318749,6.548469795,6.679854561,6.697654902,6.727432118,6.843771298,6.762035679,6.869044536
biomassPrice-108,4.5,4.46065271,4.435114478,4.51510443,4.614289771,4.600033067,4.665438549,4.728481488,4.805228218,5.019864704,4.998813226,5.175508008,5.259915376,5.354309714,5.50441941,5.520555965,5.680673227,5.730402722,5.669855087,5.671998879,5.746282832,5.799375491,5.984526304,6.177361174,6.025386134,6.204186981,6.241209762,6.187085555,6.158162534,6.041291321,6.042683842,6.168561873,6.084715244,6.009725099,6.132864839,6.260285825,6.406825047,6.614273515,6.673304859,6.762387782,6.886316887,7.157755297,7.12836958,7.336213043,7.45125791,7.511640295,7.598821247,7.880595756,8.162262992,8.255639493
biomassPrice-109,4.5,4.488398423,4.468654767,4.517896492,4.552818853,4.61600569,4.636954252,4.69934814,4.834055219,4.871895147,5.069667318,5.160922032,5.103085666,5.226866993,5.276175802,5.212432004,5.179364058,5.219431903,5.331077474,5.310615709,5.226787198,5.469797015,5.458125456,5.422212185,5.3073055,5.480872142,5.517472595,5.368894926,5.53205793,5.45675913,5.375767458,5.477965586,5.641148976,5.750151627,5.855336518,6.083490226,6.274016761,6.520895321,6.570321933,6.619528144,6.794028326,6.91775994,7.216705513,7.283730761,7.256043814,7.189334267,7.193158784,7.104002297,7.04442274,7.322378393
biomassPrice-110,4.5,4.385841309,4.32750936,4.412835467,4.439142616,4.507183591,4.546291829,4.549288812,4.515662727,4.667530256,4.866191694,4.910989632,4.82188449,4.741654452,4.847677171,4.907979336,4.927403296,5.049468454,5.1544793,5.239583667,5.345150191,5.276790516,5.304882425,5.340861454,5.447729651,5.384527708,5.312370167,5.331208953,5.249434848,5.164252834,5.091162796,5.017735895,4.993941942,5.064618253,4.990927145,5.176226109,5.285504786,5.258059692,5.247604854,5.249690516,5.280975309,5.298109108,5.472328075,5.446235006,5.534138952,5.666785058,5.766279226,5.86637237,5.979256266,6.032084225
biomassPrice-111,4.5,4.461489728,4.558961115,4.54711011,4.587719881,4.511725892,4.632941199,4.843522786,4.809007215,4.819998663,4.800935714,4.75808827,4.712376552,4.817178871,4.842851953,4.763568204,4.825513346,4.869645421,4.838103534,4.876563478,4.932347033,5.01968789,5.121682674,5.165941848,5.145574067,5.117071742,5.052416923,5.004080151,4.908951016,4.980119656,4.980973913,5.16800353,5.113167542,5.107485833,5.196144311,5.201442575,5.271017606,5.25776551,5.302357396,5.411593139,5.282853485,5.280822837,5.30281922,5.351894072,5.530928121,5.470490733,5.466694092,5.32316635,5.28178888,5.285749947
biomassPrice-112,4.5,4.660877938,4.667775077,4.867738791,4.774746143,4.840424924,5.043000539,5.091535354,5.158503431,5.06918444,5.242688249,5.407880474,5.553287472,5.591741351,5.462651137,5.596099579,5.602247347,5.534490029,5.627597581,5.563487071,5.541510581,5.595904941,5.58382464,5.832150602,5.968576711,6.243380481,6.41328061,6.669254651,6.668896546,6.743452681,6.761999539,7.005708642,7.30920772,7.268004325,7.463008281,7.585247449,7.520398595,7.47507017,7.574915292,7.911468925,7.758486737,7.736366493,7.761055433,7.94988124,8.001266551,8.053195995,8.382692272,8.454262114,8.564995899,8.839615481
biomassPrice-113,4.5,4.610768808,4.827532741,4.77834238,4.805122924,4.911477465,5.115162262,5.149031997,5.050567675,5.011040823,5.026309193,5.006613965,4.911382494,4.946401615,4.969980491,5.080490191,5.156102694,5.268706766,5.360684782,5.296022332,5.424336572,5.547036598,5.533354287,5.405374711,5.461205014,5.535974534,5.541608932,5.53781087,5.571167396,5.417914176,5.482484968,5.387502562,5.49212157,5.55834333,5.554337725,5.608277214,5.599486979,5.688976525,5.606156019,5.800569395,5.836199397,5.767359797,5.730241341,5.69276067,5.777701485,5.796907812,6.037531122,6.003107002,6.185230192,6.222949956
biomassPrice-114,4.5,4.411659932,4.544933337,4.689111654,4.651930909,4.576706199,4.701040727,4.731002878,4.696755925,4.772703637,4.78857,4.863935788,4.968406954,4.984123795,4.960566484,4.981867401,5.069008543,5.289421776,5.236372717,5.187448957,5.321006607,5.353059922,5.255062916,5.360748787,5.538122081,5.771912094,5.891040371,5.952817172,6.12383673,6.178637212,6.290028247,6.389003251,6.266957286,6.475506986,6.523788575,6.683536655,6.876531152,6.890548361,7.081318481,7.179666108,7.195628486,7.378827284,7.37823176,7.548583322,7.731663994,7.826548323,7.776537721,7.891764084,7.755430806,7.704991584
biomassPrice-115,4.5,4.489070512,4.529686373,4.565450886,4.615162708,4.6432725,4.729788564,4.79541625,4.779540602,4.786803708,4.84536294,4.892682177,4.959211564,5.026323677,5.201985733,5.253871872,5.264136882,5.28606143,5.276387513,5.342055302,5.338193294,5.388203708,5.420769047,5.51545007,5.541473747,5.560353074,5.513247091,5.631235033,5.622828687,5.667319085,5.694750523,5.901820873,5.941971847,5.999258671,6.033411619,6.087690016,6.114437045,6.253215068,6.149314888,6.187181136,6.276195731,6.330392462,6.523863542,6.467952956,6.562341015,6.566176955,6.542642726,6.664435732,6.651297984,6.6744442
biomassPrice-116,4.5,4.555875494,4.500313149,4.653834561,4.645095883,4.84361018,4.957505903,5.077366768,5.176730755,5.287420806,5.288142957,5.352669615,5.476577602,5.55838064,5.65133377,5.915814804,5.841636299,5.953838495,5.835813671,5.965963998,6.063418875,6.176774511,6.095495695,6.254604059,6.301370643,6.399301203,6.288538412,6.338246045,6.566279659,6.563552274,6.58161138,6.625125555,6.684149638,6.680154922,6.912824283,6.788956938,6.812980272,6.721317626,6.645347525,6.876476866,6.948766219,6.917340036,7.132260274,7.289919544,7.285245976,7.226175676,7.348560314,7.321692909,7.582229073,7.702267014
biomassPrice-117,4.5,4.586360006,4.714329812,4.806022666,4.920811956,4.99972132,4.952726491,4.880272398,5.108197759,5.128559416,5.252487879,5.299548758,5.361876429,5.507318366,5.496332657,5.532418206,5.627176233,5.588738037,5.628526112,5.632858644,5.899414348,5.939800017,6.209057917,6.184226137,6.43047842,6.382896889,6.455769663,6.576840133,6.584093294,6.61386543,6.839179027,7.052107639,7.000776029,7.212745532,7.323362856,7.527309249,7.60096681,7.805959804,7.891859719,8.027273795,8.310167899,8.393708899,8.73030936,8.724124603,8.95482173,9.115987099,9.275667635,9.562007744,9.652924042,9.601898973
biomassPrice-118,4.5,4.425727388,4.611557332,4.48290604,4.678011497,4.79149197,4.786770558,4.852258889,4.963151607,4.990097322,5.138690123,5.239494325,5.372054462,5.38392093,5.45284073,5.380109473,5.263243544,5.389152297,5.330840271,5.549024501,5.627945297,5.763305863,5.694384967,5.595271425,5.621945258,5.587879383,5.746868868,5.912785254,5.877788875,5.822383107,6.035589866,6.055617972,6.067930988,6.238665072,6.156570593,6.232350695,6.317861482,6.300348951,6.205763273,6.298752946,6.40100476,6.455496291,6.421247615,6.438934744,6.64518867,6.58588564,6.75497484,6.876228115,6.998592708,6.842788591
biomassPrice-119,4.5,4.670237497,4.747335651,4.813879618,4.922357369,4.946968542,5.037763025,5.055601943,5.040758743,5.053603392,4.974394192,5.069125634,5.210105877,5.184272846,5.242899749,5.374060011,5.354497303,5.235083946,5.252566319,5.301221632,5.385623698,5.435982865,5.422177887,5.481755606,5.558795885,5.58059063,5.66549274,5.744365545,5.796160324,5.792027151,5.783056376,5.927994943,5.771703612,5.807040398,5.879355646,5.952849577,5.932434883,5.953289572,5.984984654,6.107523935,6.41167673,6.335666168,6.396154128,6.370636356,6.354192275,6.500506851,6.61043372,6.706567319,6.813371251,6.899930127
biomassPrice-120,4.5,4.62578889,4.71233316,4.694184367,4.755845088,4.687755192,4.74861414,4.880060153,4.913401784,4.810232923,4.815364052,4.78112066,4.793412391,4.872696577,4.776100607,4.776133225,4.832934212,4.823622546,4.840005852,4.87706867,4.921589376,4.804373445,4.818347018,4.811978557,4.888284101,4.982895303,5.151062459,5.231370352,5.305457792,5.313866499,5.378900715,5.44580875,5.375278352,5.488185971,5.542910133,5.474938116,5.548713504,5.574934338,5.591021336,5.616191948,5.801986501,5.795950659,5.832562506,5.829944863,5.850333052,5.924367107,6.044178736,6.210927347,6.207902989,6.368661312