,2014,2015,2016,2017,2018,2019,2020,2021,2022,2023,2024,2025,2026,2027,2028,2029,2030,2031,2032,2033,2034,2035,2036,2037,2038,2039,2040,2041,2042,2043,2044,2045,2046,2047,2048,2049,2050,2051,2052,2053,2054,2055,2056,2057,2058,2059,2060,2061,2062,2063
demandDE-0,1,0.999062497,1.017367821,1.028193198,1.033889673,1.045457035,1.064475174,1.06226759,1.083664823,1.090331145,1.113481102,1.115572281,1.127322607,1.155092209,1.170087646,1.170459176,1.176955536,1.192381624,1.216655417,1.225466135,1.22637971,1.233406298,1.235051748,1.237981266,1.263671209,1.279078528,1.281887617,1.310158518,1.334765682,1.353591374,1.350427708,1.368737873,1.382194846,1.383583017,1.39342891,1.405131001,1.427013146,1.437057232,1.455125108,1.461989499,1.499595627,1.506672987,1.513501218,1.534860802,1.545949275,1.567527867,1.565675865,1.579898729,1.593116612,1.614275742
demandDE-1,1,0.999062497,1.017367821,1.028193198,1.033889673,1.045457035,1.064475174,1.06226759,1.083664823,1.090331145,1.113481102,1.115572281,1.127322607,1.155092209,1.170087646,1.170459176,1.176955536,1.192381624,1.216655417,1.225466135,1.22637971,1.233406298,1.235051748,1.237981266,1.263671209,1.279078528,1.281887617,1.310158518,1.334765682,1.353591374,1.350427708,1.368737873,1.382194846,1.383583017,1.39342891,1.405131001,1.427013146,1.437057232,1.455125108,1.461989499,1.499595627,1.506672987,1.513501218,1.534860802,1.545949275,1.567527867,1.565675865,1.579898729,1.593116612,1.614275742
demandDE-2,1,1.006126624,1.026558986,1.020989171,1.024140971,1.028858619,1.038313215,1.064372539,1.078033386,1.087613797,1.106761489,1.125738485,1.138987734,1.16326513,1.180301781,1.191427776,1.195066062,1.197899354,1.223225391,1.232782275,1.258428823,1.266148259,1.280122209,1.293249706,1.302399789,1.3115359,1.336450858,1.349937191,1.337433851,1.36398371,1.372650727,1.383718993,1.377773696,1.379944935,1.402768169,1.400577014,1.407167341,1.422135736,1.448218181,1.469517504,1.477697962,1.504525171,1.517193984,1.530105756,1.537502055,1.555365269,1.569959383,1.567280589,1.586006816,1.596378715
demandDE-3,1,1.000026024,0.998012895,1.005852654,0.999531123,1.023685574,1.02017469,1.024191825,1.036771943,1.050401802,1.041308016,1.064483031,1.073661119,1.080543679,1.101003042,1.119814818,1.134521346,1.154229834,1.175903204,1.174162091,1.174065205,1.191949709,1.204870404,1.199707306,1.199229151,1.219688643,1.233121201,1.257260469,1.262187902,1.280207501,1.289827988,1.305493138,1.32643384,1.348385024,1.367220132,1.359145839,1.348174662,1.35898082,1.37363006,1.38060784,1.39713187,1.415961767,1.426427869,1.444285709,1.456440122,1.464937885,1.491775782,1.514320877,1.515318183,1.528876659
demandDE-4,1,1.010873749,1.028612332,1.055263485,1.054310539,1.070576971,1.07252146,1.079534621,1.089762851,1.104991136,1.109682449,1.122936601,1.149452657,1.174118684,1.169894512,1.188149187,1.206894924,1.225078231,1.23794012,1.261489809,1.280575631,1.292200888,1.30899585,1.314948924,1.338908364,1.363454617,1.375115616,1.401519265,1.401812055,1.395385834,1.426721403,1.43005142,1.441112776,1.467715024,1.479456953,1.483349785,1.515517665,1.529608755,1.565007038,1.593061207,1.604402164,1.61363411,1.631662983,1.642697151,1.679609977,1.689310791,1.692109533,1.685250276,1.705253723,1.69725797
demandDE-5,1,1.002844357,1.013970811,1.025335806,1.032329867,1.029220542,1.049674899,1.058394288,1.068717011,1.080899948,1.096472796,1.111198087,1.122289286,1.142862321,1.13637377,1.167029705,1.185288844,1.204674538,1.222523376,1.234395485,1.255775269,1.27476368,1.284893477,1.289518844,1.309901639,1.335179282,1.371926279,1.367348548,1.362248289,1.390423559,1.403100269,1.411510179,1.433783342,1.428268975,1.45559276,1.461384666,1.485787172,1.507611431,1.511082051,1.524059934,1.521646832,1.557324135,1.596034464,1.599986059,1.597712272,1.618991374,1.625881991,1.624989023,1.638189645,1.653943069
demandDE-6,1,1.005858863,1.030076784,1.037204737,1.054853357,1.071403516,1.09242225,1.112151284,1.125449161,1.133126093,1.131175292,1.143845793,1.136832395,1.150274384,1.159041258,1.178682941,1.172620893,1.17941351,1.190044729,1.215672028,1.211198694,1.243853593,1.239281572,1.248095337,1.26213263,1.286114227,1.309030757,1.326741279,1.361340201,1.377177034,1.375548821,1.386835339,1.413141359,1.432881845,1.455968103,1.478539764,1.496352427,1.531028215,1.530823815,1.535591991,1.537132708,1.554124881,1.558815832,1.557801687,1.562895598,1.580616453,1.609449117,1.63916246,1.632275756,1.636827394
demandDE-7,1,1.004363363,1.016508654,1.041523539,1.057319362,1.053738104,1.052796965,1.062806544,1.088718852,1.089056991,1.117945403,1.135964665,1.146828859,1.154877498,1.162797037,1.186091987,1.195581455,1.195954242,1.19601141,1.202318451,1.207347904,1.213225628,1.226339605,1.227461584,1.240094399,1.255854313,1.263279212,1.265883436,1.263146459,1.276386118,1.299153109,1.31204111,1.33578827,1.342550598,1.368870025,1.370717339,1.382637964,1.373511904,1.379733845,1.390489448,1.419481313,1.422688015,1.441974517,1.444193571,1.463589461,1.48441101,1.501952301,1.527162468,1.547271528,1.551877562
demandDE-8,1,1.02315085,1.039048917,1.052314096,1.058920307,1.068809944,1.087244714,1.090725177,1.08772053,1.106995404,1.133234873,1.161573913,1.182709717,1.181315791,1.198102257,1.193122307,1.206124399,1.218664281,1.234002961,1.260731807,1.26725902,1.294887649,1.302300184,1.329878798,1.348819194,1.365247022,1.370538399,1.369445006,1.402761398,1.419616226,1.432182643,1.456279182,1.47435094,1.509571968,1.521041142,1.535535376,1.558594864,1.560422627,1.573490432,1.589534352,1.60138175,1.603832044,1.610560403,1.624186368,1.637468293,1.63595361,1.675867477,1.686688871,1.7183026,1.748254084
demandDE-9,1,1.007651958,1.030375432,1.036847137,1.031059255,1.035617744,1.041544536,1.059779793,1.069804041,1.090093399,1.095507602,1.116304577,1.128636548,1.133827812,1.147596458,1.162708329,1.185695706,1.195603682,1.21491267,1.226393704,1.254660555,1.261751262,1.276055687,1.296593286,1.323554132,1.347035759,1.384821063,1.396795756,1.416865539,1.426445245,1.445087146,1.459099147,1.448535477,1.462444876,1.465121446,1.482160723,1.482098991,1.479299459,1.512797398,1.535066481,1.560480516,1.571073955,1.579603103,1.588969631,1.617234624,1.630853463,1.675424776,1.705365948,1.720506351,1.722593099
demandDE-10,1,1.008437841,1.020180462,1.031728494,1.052306247,1.057746628,1.069550737,1.092234315,1.089820964,1.100568057,1.127048408,1.13126077,1.157287093,1.179782776,1.18690417,1.202015064,1.219883121,1.23778063,1.241253385,1.267276691,1.282583037,1.289822818,1.307334071,1.33095695,1.351881271,1.359483315,1.378500138,1.410414622,1.409941356,1.410848856,1.42484113,1.427519507,1.450170229,1.475794927,1.506546183,1.509945371,1.533178766,1.539884035,1.559395098,1.581100816,1.612789651,1.625576825,1.638355456,1.639230689,1.671509765,1.699617078,1.700749799,1.719029381,1.736618269,1.761289642
demandDE-11,1,1.013464053,1.021921891,1.025443348,1.0378549,1.049138903,1.054767546,1.067723681,1.083819799,1.090573318,1.08655949,1.097123624,1.108820521,1.131035739,1.134386767,1.131009099,1.136422822,1.142699184,1.167261265,1.192818649,1.204262337,1.229698541,1.229637261,1.235806286,1.256080367,1.274797939,1.278211146,1.299738799,1.32683258,1.335565425,1.336136298,1.347859323,1.350995481,1.353925123,1.365964761,1.363623716,1.357788348,1.366450271,1.374304951,1.391476352,1.383957942,1.39173328,1.380972692,1.392829187,1.412808601,1.404379821,1.401181019,1.40922245,1.419314316,1.437353571
demandDE-12,1,1.021621966,1.030521166,1.034812677,1.052548596,1.07913896,1.091263652,1.087182296,1.10866309,1.126677522,1.143412232,1.148970119,1.17012736,1.178170875,1.199546921,1.197487934,1.211409474,1.213059557,1.242502397,1.241072628,1.261565693,1.280894177,1.298211834,1.308689264,1.330799622,1.352750007,1.354060928,1.372583779,1.374116617,1.377854857,1.407273298,1.427203018,1.415062281,1.440131437,1.454478327,1.45259402,1.456319109,1.464989806,1.477010598,1.51854119,1.519643217,1.536961141,1.542735268,1.566167261,1.598868382,1.612370243,1.627192955,1.643512214,1.648075456,1.686497208
demandDE-13,1,1.028908515,1.022643059,1.020193028,1.026846771,1.033137237,1.044160544,1.071195707,1.074852434,1.096097592,1.107065514,1.123700789,1.132068039,1.135255214,1.1339707,1.137610071,1.163644288,1.178787425,1.183660852,1.196406017,1.220518345,1.239933988,1.238326132,1.249130239,1.259900255,1.266596481,1.287065358,1.303081639,1.315856645,1.323322626,1.322211059,1.338995008,1.368362242,1.404396993,1.424035103,1.431632518,1.4425616,1.438972089,1.447870988,1.459812257,1.488856721,1.498557875,1.502423509,1.487564125,1.511621008,1.53851916,1.563463282,1.551166952,1.57224904,1.577490076
demandDE-14,1,1.016680366,1.02983121,1.058101914,1.070894293,1.077864266,1.08737986,1.082944056,1.090267679,1.117467233,1.118072169,1.143199882,1.161952563,1.163146131,1.175577038,1.174309533,1.180135698,1.195654363,1.208795071,1.223698923,1.232423402,1.2537407,1.277569155,1.30614552,1.296559786,1.303228474,1.330426516,1.345732752,1.355415543,1.353433189,1.375866677,1.382103218,1.391093884,1.392041141,1.389169884,1.42205431,1.415704122,1.44347325,1.450015426,1.456418601,1.453774511,1.462510141,1.500106827,1.515611275,1.528699124,1.545858972,1.569824215,1.600985156,1.611088047,1.637108508
demandDE-15,1,1.000687234,1.014347291,1.038858407,1.062277428,1.071714617,1.072103941,1.073009611,1.09693706,1.103860546,1.117649738,1.122509779,1.133912214,1.151513651,1.160368522,1.16578382,1.184464936,1.186809571,1.184162849,1.18641422,1.192087126,1.18754929,1.19143151,1.205525219,1.198244309,1.201259485,1.200178854,1.208042402,1.205361119,1.222729461,1.226755214,1.224344593,1.235402758,1.244035573,1.246627248,1.263493296,1.258335429,1.27511687,1.284972882,1.316562441,1.330632335,1.32491241,1.34032185,1.341474896,1.345372497,1.370116575,1.364442272,1.387622954,1.412187758,1.436997834
demandDE-16,1,1.005813092,1.012618746,1.023269019,1.043698421,1.043005804,1.041798545,1.04155737,1.049823366,1.048992032,1.06137299,1.064495089,1.07740947,1.087407092,1.098742017,1.114409846,1.119142656,1.130636737,1.147042966,1.181206752,1.173540042,1.174279925,1.18444356,1.183468588,1.206193829,1.237670816,1.231530292,1.234600187,1.253779447,1.265180315,1.258996957,1.287159557,1.274735974,1.302367634,1.323923473,1.32707129,1.316576157,1.333693513,1.363156914,1.3742473,1.392603927,1.422645298,1.428426566,1.442291304,1.457328578,1.474538635,1.486038834,1.520688675,1.535301923,1.537894751
demandDE-17,1,1.006118892,1.017070543,1.033074031,1.053503016,1.067031069,1.066662528,1.066458181,1.089062886,1.104582859,1.121808961,1.120776051,1.144761198,1.162660018,1.176134337,1.183447481,1.209076349,1.237266978,1.259863592,1.280373677,1.291755903,1.297043121,1.310303591,1.308986768,1.307098288,1.338591164,1.351392572,1.374663175,1.388812842,1.395377547,1.412350327,1.421318485,1.437743197,1.470089891,1.474389875,1.488992465,1.506086106,1.521134238,1.542155196,1.562424083,1.565465345,1.584479236,1.58385398,1.600891013,1.608287826,1.62379203,1.659250533,1.681773619,1.701564626,1.704135599
demandDE-18,1,1.000094849,1.021369225,1.039110363,1.052883331,1.062727355,1.061053698,1.058307438,1.074780989,1.070174997,1.094662166,1.109325092,1.125547754,1.142639537,1.147554818,1.180112181,1.187918099,1.206649979,1.223562477,1.232733709,1.224345912,1.222272195,1.213303522,1.21248684,1.212724474,1.221580909,1.255367053,1.258742489,1.282634538,1.302405227,1.306288959,1.311338119,1.323490732,1.348804115,1.369611874,1.387997793,1.406260112,1.437913987,1.45749006,1.483034148,1.482095893,1.480813732,1.490298858,1.498130811,1.502777335,1.535858149,1.533811824,1.562083223,1.566194656,1.600458385
demandDE-19,1,1.012406504,1.008193015,1.015791955,1.034805624,1.048572949,1.078218567,1.08508002,1.089594307,1.09801069,1.125158697,1.12443604,1.142670654,1.136081032,1.140419227,1.15490852,1.16646673,1.169116467,1.201647389,1.231563475,1.243903604,1.24481577,1.257080193,1.269549205,1.281484842,1.302475069,1.293277627,1.295681781,1.304436712,1.30947157,1.331187936,1.346763485,1.376508949,1.380628157,1.382744691,1.380133925,1.39373053,1.411760104,1.440363197,1.457871885,1.45081524,1.473369214,1.485075276,1.48750655,1.485493522,1.5079501,1.540363035,1.563537405,1.564440185,1.580483246
demandDE-20,1,1.006527506,1.02036179,1.031272868,1.038366081,1.050028722,1.049466979,1.0411809,1.04632646,1.065468058,1.075399739,1.085365737,1.09066673,1.111018495,1.119342207,1.121291101,1.136492147,1.136392836,1.136377253,1.147048492,1.169801252,1.195356544,1.199622413,1.224941594,1.227107743,1.245168415,1.261867121,1.277131864,1.293147897,1.314192797,1.311020849,1.347737153,1.354482754,1.364109175,1.373886178,1.394566363,1.411506802,1.41754851,1.424437253,1.42758339,1.455817819,1.477691411,1.488961094,1.481113341,1.512062194,1.545924051,1.567729837,1.565636714,1.557299843,1.574446044
demandDE-21,1,1.002048253,1.016375708,1.020095826,1.031744698,1.054594472,1.05069463,1.068416441,1.085937045,1.116593912,1.136491665,1.145022012,1.148908396,1.175506295,1.192250082,1.210018064,1.221597087,1.21691649,1.236389755,1.259893613,1.265347878,1.262173909,1.278375785,1.293604616,1.295851331,1.298024638,1.321714324,1.335272478,1.358454818,1.360894444,1.372616655,1.382925567,1.390903506,1.417698135,1.429670017,1.463202398,1.474720241,1.498397372,1.528220716,1.526654731,1.542648646,1.577600886,1.615633688,1.63966793,1.652203491,1.69585222,1.714117601,1.726973082,1.774012235,1.794650306
demandDE-22,1,1.010668969,1.0371363,1.048890256,1.074361588,1.096170334,1.124843307,1.131641222,1.150094932,1.164383719,1.181592522,1.191816211,1.199978252,1.218981886,1.231559139,1.247465851,1.265529902,1.278954561,1.295720939,1.308222868,1.326962251,1.323630613,1.341168973,1.329807045,1.341208788,1.339746782,1.335299901,1.347760483,1.372187649,1.394454694,1.422437294,1.421371506,1.438363165,1.471344299,1.499075428,1.507716277,1.524748644,1.519021273,1.529307723,1.553212484,1.583078787,1.589664192,1.608569572,1.629319554,1.633425708,1.664872808,1.690182309,1.704503083,1.728542947,1.760281512
demandDE-23,1,0.997362509,0.997288102,1.006728899,1.004988072,1.013703809,1.01582181,1.022751202,1.023859511,1.049863252,1.061782889,1.07844764,1.077130074,1.08878723,1.107189958,1.110342846,1.112074189,1.124251583,1.127773858,1.117757666,1.125787066,1.141908892,1.157267367,1.164541948,1.178607758,1.186017426,1.190944438,1.219088496,1.238433631,1.25559968,1.274951507,1.288365566,1.306401771,1.314469366,1.330137919,1.358396901,1.383077529,1.397463066,1.412381744,1.42187069,1.450894738,1.462941507,1.480001084,1.494218166,1.504527473,1.523684489,1.536298563,1.555641668,1.594783068,1.62664816
demandDE-24,1,1.011709383,1.026599822,1.024125376,1.027063473,1.039725337,1.044084537,1.057957374,1.070092222,1.081411343,1.095105677,1.098376087,1.104382732,1.117274795,1.121270705,1.131198767,1.140145308,1.164595368,1.181547573,1.204108895,1.2165434,1.220480238,1.235338026,1.259794956,1.268887324,1.293323057,1.31098631,1.323309167,1.330602401,1.355599323,1.354471164,1.359051707,1.362868064,1.362417628,1.364733984,1.358429329,1.370552053,1.38651767,1.392977008,1.399168107,1.417637145,1.441899138,1.457481273,1.457099455,1.498297022,1.496929289,1.503209508,1.496791531,1.505076451,1.525632683
demandDE-25,1,1.017152256,1.017330334,1.015627085,1.026607946,1.046108855,1.042449344,1.058402704,1.068800151,1.09057424,1.086856977,1.095065767,1.095656551,1.119021292,1.132341967,1.142364932,1.138647401,1.142665366,1.164518231,1.188008231,1.190471671,1.20197606,1.204401571,1.232783583,1.263238803,1.291730771,1.305589435,1.321218739,1.333700418,1.346971431,1.36745507,1.393413067,1.400804656,1.407354577,1.409452811,1.445826671,1.483374501,1.505446443,1.525871004,1.538610098,1.54582572,1.552626302,1.565738639,1.570095763,1.597862331,1.593697702,1.602943223,1.635665623,1.663681229,1.705900854
demandDE-26,1,1.024065166,1.031892508,1.04888856,1.071082295,1.088175511,1.090736849,1.097619621,1.11960914,1.124964987,1.134683158,1.150349747,1.17799218,1.169806699,1.178949481,1.199029031,1.212534224,1.213646503,1.215393657,1.231204495,1.239715953,1.258430394,1.267333085,1.275711164,1.268820414,1.273430761,1.280627491,1.272144325,1.277569239,1.301402052,1.297854924,1.310958303,1.329557661,1.349011048,1.358564506,1.369418566,1.367482803,1.390126067,1.390332697,1.401300242,1.40372589,1.424462407,1.46119443,1.47197748,1.494613207,1.502757528,1.503586152,1.509636789,1.522085413,1.51914985
demandDE-27,1,1.00672593,1.015645545,1.027558205,1.038911113,1.050020118,1.064515843,1.072857262,1.099087525,1.110834508,1.127550774,1.143144739,1.150255521,1.165405118,1.167465345,1.17245548,1.204660468,1.2064036,1.22969943,1.251744249,1.289044928,1.301973735,1.311774548,1.300587543,1.314162342,1.317036914,1.339895231,1.376749318,1.374689061,1.397190695,1.420550452,1.433202423,1.430949359,1.457874687,1.481485479,1.494851818,1.534214221,1.536141157,1.557797886,1.572720717,1.574130941,1.610522415,1.616108231,1.641614971,1.640641919,1.669040054,1.669815329,1.685672557,1.704837458,1.744602509
demandDE-28,1,1.00366668,1.008649159,1.015322136,1.017776308,1.033656581,1.047234978,1.061389353,1.065759252,1.08452326,1.088457554,1.086375526,1.105722957,1.120512286,1.132805895,1.132240386,1.139872272,1.150604097,1.143782709,1.17572441,1.196948671,1.212890644,1.22970981,1.233521014,1.260780993,1.270242542,1.280715984,1.293930726,1.313419059,1.315481841,1.324090857,1.332770942,1.368186979,1.369656471,1.370541532,1.39550988,1.414882108,1.414756262,1.415587461,1.442829315,1.466596471,1.490191186,1.499633522,1.529317825,1.54565575,1.566555012,1.570395591,1.601492525,1.629639072,1.634476581
demandDE-29,1,1.021376844,1.044657037,1.058964638,1.068626961,1.085654895,1.090218357,1.111218563,1.126319802,1.130181458,1.140147149,1.155267308,1.150283682,1.159805354,1.179857963,1.201328297,1.223894345,1.229298886,1.252498988,1.264106893,1.274604138,1.273827371,1.304575121,1.315395083,1.345659668,1.353863766,1.365922202,1.40186459,1.420355785,1.417278004,1.446101624,1.452744698,1.458622923,1.479393214,1.483808502,1.49237416,1.52432903,1.534849801,1.566056997,1.586208943,1.576311054,1.575797102,1.619298452,1.625994785,1.644969874,1.672864171,1.683349124,1.704057378,1.705764578,1.725624802
demandDE-30,1,1.009686186,1.032130902,1.032755265,1.054063161,1.055278775,1.050391563,1.057569986,1.053868727,1.051037263,1.065792465,1.075340309,1.095984507,1.110826494,1.130187116,1.153819568,1.147425865,1.166026224,1.199406697,1.213308946,1.207514921,1.213711616,1.219426556,1.234581552,1.258803141,1.26920409,1.267252994,1.277736254,1.297753461,1.305028192,1.327870005,1.334836415,1.347160991,1.351251112,1.349191161,1.374498412,1.370118288,1.392278827,1.418454703,1.44324327,1.443082904,1.467914598,1.501649362,1.51491283,1.529191422,1.530911964,1.54190198,1.552868035,1.556893625,1.552293945
demandDE-31,1,0.999936415,1.007053698,1.013504732,1.041926015,1.049019482,1.062302897,1.070791267,1.075671031,1.086481011,1.092121935,1.099971025,1.10367897,1.11455532,1.118748958,1.127570221,1.138510336,1.129382897,1.138652267,1.136486339,1.150460449,1.162375665,1.164789847,1.182699493,1.188397653,1.213307719,1.219180145,1.226331297,1.250093403,1.268429366,1.273191212,1.305167052,1.309337907,1.321800305,1.325781788,1.354015487,1.38363741,1.39733301,1.42554582,1.435483133,1.433258842,1.458407597,1.456629453,1.495354265,1.507317325,1.516736436,1.509235348,1.550285475,1.561654877,1.583372497
demandDE-32,1,1.013840583,1.027540767,1.029523788,1.052098989,1.069717967,1.090204212,1.105596002,1.105050687,1.119287838,1.132602221,1.127479281,1.151382449,1.159976281,1.179771565,1.190880431,1.211653757,1.233221175,1.23866947,1.25031486,1.26777036,1.274328785,1.269186444,1.292036813,1.323144983,1.335832752,1.360501349,1.379300576,1.401582098,1.439156987,1.441410235,1.455199231,1.467068165,1.486372299,1.50496989,1.521016019,1.524544098,1.513156152,1.532145493,1.5253772,1.551928144,1.59231885,1.627043803,1.655087529,1.643926548,1.685040869,1.699426747,1.725515257,1.727908248,1.752682851
demandDE-33,1,1.014926233,1.016512722,1.018040495,1.030179661,1.033990064,1.039734439,1.045297856,1.057429557,1.066477617,1.096234931,1.102297981,1.111780141,1.111711988,1.115331265,1.124129662,1.140761113,1.149851947,1.142964347,1.152618843,1.163047708,1.176129507,1.184325469,1.208562502,1.222572988,1.233265727,1.255709329,1.261373922,1.251922505,1.27249866,1.289059875,1.310647113,1.323573855,1.344910949,1.36898264,1.390834697,1.407874619,1.403619556,1.421328649,1.451471366,1.46686561,1.475940545,1.504404552,1.521183738,1.534762338,1.530409618,1.553796586,1.567123506,1.599580302,1.625231815
demandDE-34,1,1.023532326,1.020086525,1.045884171,1.061165665,1.062530559,1.07271229,1.092973676,1.095547252,1.097901242,1.104572445,1.10757501,1.106906576,1.119183477,1.14252068,1.149636811,1.169420645,1.183307932,1.191503378,1.195237207,1.199563403,1.204814809,1.227351156,1.242910043,1.26531699,1.271398083,1.283161357,1.303775279,1.328963231,1.342770292,1.364120347,1.375106357,1.394768757,1.413179645,1.418605655,1.41799905,1.454658949,1.471038886,1.486952846,1.524782667,1.563334778,1.576945034,1.598460852,1.598238383,1.602958603,1.60443092,1.613746754,1.646398692,1.655382197,1.678695291
demandDE-35,1,1.005855863,1.015414769,1.019012494,1.032398837,1.039728301,1.06996712,1.077729672,1.089684643,1.09529843,1.110360024,1.117763812,1.137338427,1.148271273,1.16611857,1.190868776,1.218324887,1.226243411,1.261854752,1.271284764,1.278143246,1.288852755,1.301227696,1.308377242,1.318363267,1.337855787,1.372737609,1.394664247,1.398697805,1.406385304,1.407581862,1.418053344,1.446031545,1.474605342,1.477267986,1.481777381,1.506000095,1.533267606,1.552925688,1.588647435,1.611114174,1.629184564,1.654705842,1.678117879,1.687249097,1.689019159,1.7045408,1.710503997,1.724916348,1.714266754
demandDE-36,1,1.01092111,1.016670772,1.018534534,1.029647955,1.028303067,1.032837141,1.034843645,1.057675928,1.060199044,1.063144075,1.084380089,1.101405202,1.10490697,1.126520381,1.138247195,1.133790736,1.156239352,1.164744046,1.194813636,1.205213732,1.226323763,1.232676136,1.249038699,1.259802615,1.256525724,1.263393047,1.298206692,1.310807192,1.313022248,1.326669499,1.343215336,1.353505532,1.359884413,1.3863049,1.413675057,1.440055785,1.449241636,1.464928806,1.483375303,1.522663381,1.51809202,1.554343194,1.57636769,1.601937183,1.618070678,1.623791836,1.635502596,1.6666585,1.677160391
demandDE-37,1,1.018044993,1.031081451,1.037357731,1.063823835,1.072989405,1.099945407,1.11510359,1.123166345,1.146562428,1.159179949,1.167764691,1.172819736,1.187781348,1.21465014,1.215942375,1.236353972,1.26741398,1.296231059,1.317575402,1.314402641,1.330784741,1.34869205,1.368745007,1.384794181,1.396379656,1.417009576,1.436666398,1.457406679,1.446048692,1.46379896,1.454948907,1.457946161,1.470756176,1.468282467,1.499974238,1.536373382,1.553202926,1.57791064,1.608774396,1.639092078,1.632617346,1.634114953,1.662350651,1.661683546,1.699362738,1.713064933,1.710228481,1.721163481,1.733328156
demandDE-38,1,1.018529907,1.020581395,1.03784314,1.059957425,1.072216914,1.081638103,1.099250805,1.108769081,1.121913746,1.146075198,1.141610201,1.154510545,1.182142456,1.200430986,1.192648578,1.195219921,1.195677,1.186691019,1.18392476,1.196957691,1.204148869,1.227548089,1.246589323,1.265870758,1.270988746,1.280465722,1.28695131,1.284611644,1.298539301,1.302689953,1.315022441,1.328577655,1.338257693,1.357912436,1.373526187,1.392668704,1.396431692,1.405751095,1.416106178,1.428754543,1.441692015,1.463489174,1.47806886,1.478238912,1.483792588,1.503766068,1.523645227,1.543333646,1.557297405
demandDE-39,1,0.998975382,1.003055002,1.015091895,1.03251411,1.050152216,1.07183865,1.078706916,1.097627272,1.103042976,1.121786755,1.128523725,1.139657562,1.163379342,1.192305735,1.204120946,1.219618605,1.214927177,1.225116642,1.222896582,1.248157687,1.252971739,1.269609633,1.274845087,1.278135693,1.294571828,1.291154482,1.300911354,1.318089839,1.331720397,1.351220444,1.371202977,1.394527278,1.398397131,1.414419252,1.443038514,1.430161043,1.453833734,1.465411893,1.457864591,1.474988544,1.489141937,1.487694342,1.490088171,1.496376003,1.511543457,1.547292002,1.570819175,1.582222395,1.59748266
demandDE-40,1,1.009746816,1.026306218,1.038017501,1.050747636,1.062339206,1.082335712,1.090671788,1.097968756,1.108953663,1.126470069,1.124132988,1.133706165,1.13745445,1.156471746,1.174054021,1.185595892,1.191366714,1.217182741,1.22355425,1.233675639,1.253109857,1.266200971,1.268011539,1.265816608,1.275387951,1.281296869,1.303714007,1.308444815,1.334423394,1.361115114,1.366863421,1.371127117,1.364548799,1.377504227,1.385362578,1.390443863,1.408706087,1.418963113,1.435252254,1.452761552,1.478226915,1.491782919,1.505586778,1.524107011,1.552831448,1.560276994,1.577572846,1.585496471,1.618594074
demandDE-41,1,1.007712918,1.023319566,1.016486266,1.018055397,1.017390539,1.017621404,1.031782799,1.033444718,1.028222856,1.019791561,1.025268075,1.048918986,1.060530581,1.059265069,1.082700534,1.103031675,1.108232479,1.121116918,1.135660886,1.151582922,1.166671155,1.187390413,1.196609874,1.226433337,1.218595561,1.219966488,1.224040849,1.226233478,1.234196149,1.268302704,1.291386772,1.313112171,1.326612778,1.323436007,1.340291581,1.347561056,1.360089834,1.354807292,1.384136325,1.398083215,1.419509942,1.426523889,1.426218203,1.442294891,1.451577243,1.464882611,1.475054359,1.482937262,1.490244593
demandDE-42,1,1.019140899,1.031912851,1.04499669,1.058197157,1.057604007,1.080764348,1.089634976,1.108016743,1.108753506,1.117394828,1.145097692,1.154776837,1.157285361,1.158352928,1.161169792,1.168256238,1.188024815,1.198177924,1.21595115,1.211312471,1.221536538,1.214369174,1.225690018,1.246617887,1.254504142,1.282537059,1.295268968,1.318783598,1.339404055,1.353219056,1.350311174,1.373917953,1.403991491,1.412134179,1.440653109,1.454090106,1.472466602,1.494647161,1.50365504,1.518725045,1.517715837,1.534886946,1.547205291,1.56397104,1.586909356,1.596063993,1.627561227,1.656411222,1.689442066
demandDE-43,1,1.013662894,1.024109907,1.020972438,1.028890525,1.035452358,1.056418284,1.06452987,1.069914974,1.081313542,1.096424653,1.123105155,1.152199439,1.177745107,1.19446274,1.214473251,1.236338284,1.248787892,1.266752794,1.276932237,1.302857088,1.31239427,1.328692418,1.34940854,1.361386119,1.384380012,1.392365222,1.407903364,1.420901184,1.456632432,1.472566421,1.473918172,1.507360642,1.532734698,1.552267907,1.569673916,1.584895043,1.594267431,1.587583756,1.607990802,1.645070681,1.651437291,1.666633164,1.666989105,1.709778674,1.710386053,1.732736643,1.735193983,1.752903093,1.779758056
demandDE-44,1,1.010684203,1.023241574,1.037274347,1.061559832,1.064302644,1.074780888,1.105194529,1.132612833,1.143604608,1.142608435,1.156699121,1.160252767,1.191257408,1.198268815,1.207816537,1.220830907,1.230160478,1.234694688,1.240234836,1.261176953,1.266639789,1.265661645,1.274896002,1.298342798,1.325274098,1.342658571,1.356325954,1.366670173,1.364128558,1.380975496,1.395623901,1.43121193,1.458816179,1.459279186,1.463007471,1.469516362,1.50164156,1.522060654,1.525144399,1.547491394,1.564292503,1.590797077,1.591978272,1.597694809,1.618817838,1.635154546,1.650272739,1.686443406,1.695996651
demandDE-45,1,1.010303565,1.011420989,1.024878311,1.042763187,1.049576361,1.056104301,1.072788195,1.076503395,1.084477008,1.109663961,1.105146805,1.117842139,1.144138481,1.150157661,1.152808629,1.170538732,1.185652287,1.184369573,1.183958696,1.200496876,1.202429399,1.209563899,1.221752249,1.249631282,1.279310927,1.293594874,1.303314773,1.316323189,1.334257336,1.351549693,1.351364627,1.35434065,1.360194983,1.392878879,1.410096689,1.43388819,1.455663178,1.448071036,1.472300103,1.484649508,1.503478494,1.543999927,1.568047471,1.609831865,1.619093299,1.631782782,1.656293203,1.667979497,1.706196109
demandDE-46,1,1.009917542,1.012672101,1.027323216,1.056170386,1.06544117,1.071635032,1.077100715,1.098022787,1.109729362,1.12466943,1.136625473,1.135912325,1.152324325,1.149438179,1.160972942,1.168955735,1.199960463,1.210234323,1.232197275,1.251460125,1.253237392,1.28760078,1.291728306,1.28461542,1.286378047,1.296841641,1.305061946,1.331456641,1.332581589,1.328552512,1.353571554,1.367671495,1.400131476,1.399905654,1.437016643,1.44055802,1.437239028,1.467357815,1.480932268,1.500916333,1.511910995,1.510814668,1.530555363,1.528935326,1.547301,1.553925628,1.579630244,1.569312933,1.562272615
demandDE-47,1,1.009159502,1.007496173,1.012055753,1.019297718,1.04278434,1.05668531,1.067066437,1.07374386,1.085251011,1.092588827,1.09978416,1.107863073,1.102479355,1.126738297,1.136020198,1.154164895,1.178226369,1.184942301,1.194573494,1.188573751,1.216911046,1.228774999,1.235060708,1.246256529,1.25618148,1.275989496,1.294260091,1.322000331,1.343682522,1.339132862,1.341318528,1.333161822,1.344624362,1.366126692,1.370316159,1.375869759,1.397454717,1.388780787,1.382094724,1.410071241,1.413075113,1.412254889,1.430383659,1.425734707,1.454953556,1.480093364,1.489449578,1.510225968,1.517288351
demandDE-48,1,1.008692509,1.029531663,1.030600694,1.049345671,1.069198782,1.075457266,1.079812359,1.08279441,1.091099281,1.107398003,1.112476136,1.112172473,1.138213398,1.13960342,1.142268721,1.147558049,1.152419618,1.164486694,1.16893535,1.191635586,1.188001954,1.203659232,1.200118643,1.197835834,1.209902925,1.227547832,1.257701504,1.248624557,1.245810274,1.257272925,1.274306366,1.303797737,1.317633894,1.320271294,1.321349331,1.341143431,1.354850192,1.381770456,1.396588852,1.426849807,1.442904378,1.444786824,1.437157567,1.443045621,1.47482408,1.478311682,1.503759415,1.51145346,1.53253106
demandDE-49,1,1.021824286,1.034629326,1.03530498,1.046203867,1.046087591,1.07052769,1.067702608,1.063550303,1.078335879,1.078755845,1.106311179,1.118243142,1.141652383,1.146864739,1.159684331,1.178618811,1.20670246,1.241014843,1.266436882,1.268575664,1.268487147,1.301271592,1.314946593,1.327034998,1.357567231,1.372333864,1.384586971,1.389941553,1.388960223,1.399250614,1.408113447,1.405100563,1.436464291,1.460500188,1.465085047,1.500021835,1.496541172,1.508253317,1.531870592,1.56322625,1.564727029,1.580851735,1.609552489,1.624910319,1.665079494,1.667684727,1.699699305,1.731363403,1.747038123
demandDE-50,1,1.009506333,1.018674966,1.025092557,1.048093666,1.053474596,1.071546693,1.083171764,1.077237586,1.098722632,1.102233339,1.116357219,1.124180037,1.134896741,1.159667513,1.191680421,1.199287935,1.22876481,1.236038564,1.256355458,1.27994095,1.302702986,1.32274194,1.331765424,1.340703851,1.36017539,1.380974524,1.394722066,1.401591456,1.417413886,1.433705743,1.437169867,1.446923856,1.450279515,1.4577244,1.472124672,1.46490707,1.46161896,1.468107702,1.463396489,1.499156635,1.517362009,1.507884553,1.50709101,1.543813524,1.55641414,1.569593285,1.586533028,1.604262433,1.638648714
demandDE-51,1,1.010474551,1.024961909,1.049947311,1.061070438,1.065636312,1.080139766,1.09661728,1.113966676,1.135597584,1.15582152,1.145885189,1.153007402,1.175397503,1.188641025,1.204522531,1.207784632,1.233886125,1.222326845,1.231680285,1.221026161,1.229232223,1.230493563,1.249334487,1.274830487,1.299382551,1.305702871,1.325651822,1.339069091,1.339022136,1.371831019,1.380433704,1.403737509,1.418833126,1.434311268,1.452366628,1.465340936,1.490377016,1.496443014,1.503077393,1.500028259,1.504050811,1.510991328,1.52486796,1.55342009,1.572001012,1.596538389,1.588561509,1.618372262,1.65631731
demandDE-52,1,0.992298601,1.008873597,1.018828346,1.027002993,1.037825643,1.043169171,1.056887596,1.058687045,1.06733217,1.089485441,1.116597039,1.116954646,1.1305151,1.150509179,1.180724164,1.206079119,1.212365994,1.204362716,1.211813578,1.23847657,1.265087674,1.284537063,1.301571668,1.328619712,1.331800098,1.326794677,1.348503198,1.375177864,1.38391957,1.397284797,1.416919247,1.429045487,1.440345876,1.472989638,1.500303823,1.511079641,1.512444906,1.521973141,1.537300307,1.557100993,1.57282706,1.599097318,1.639144884,1.634228563,1.649575299,1.659797246,1.687051403,1.718970668,1.742264804
demandDE-53,1,1.012104093,1.032883695,1.038991946,1.065674095,1.076634837,1.100884238,1.120278688,1.12379186,1.137250366,1.156615146,1.16774452,1.186256045,1.191540818,1.219640858,1.223864796,1.235510038,1.252582978,1.267563067,1.30012294,1.311900439,1.316549912,1.321465247,1.334749859,1.332363322,1.331582787,1.354917246,1.376441719,1.389682897,1.404103872,1.401216408,1.40313113,1.436486903,1.469742436,1.500819857,1.530389123,1.553915887,1.565720402,1.566926817,1.575370919,1.594280804,1.638791807,1.676425501,1.69179581,1.719352134,1.742172068,1.768502779,1.781433737,1.800434281,1.805892243
demandDE-54,1,1.013148636,1.024356828,1.044614649,1.047600988,1.062888925,1.071604782,1.094277084,1.107424494,1.118665349,1.137199313,1.137313081,1.168424641,1.177831744,1.208496253,1.220637023,1.22367767,1.2217212,1.232778943,1.235211451,1.250624093,1.270614607,1.282590695,1.29135186,1.313161779,1.307329845,1.319122006,1.352894649,1.360112366,1.374773806,1.399007765,1.43236865,1.431502309,1.434771557,1.448234808,1.466766502,1.486726245,1.506950214,1.521999726,1.542528003,1.569464346,1.603660812,1.615793757,1.614014018,1.618852733,1.62992075,1.649974423,1.672738269,1.674249313,1.686996154
demandDE-55,1,1.015614374,1.041235591,1.052076854,1.049715782,1.065473677,1.059949007,1.06658418,1.081377637,1.097835854,1.104515117,1.113941955,1.13346248,1.131692676,1.157583201,1.158901545,1.15579556,1.157697275,1.153546718,1.150569847,1.16654751,1.185727973,1.20561222,1.200758386,1.198178642,1.208990796,1.204131902,1.214529109,1.229081996,1.239957277,1.239018697,1.246957627,1.261864454,1.287103303,1.304919268,1.308692433,1.32468761,1.343299159,1.353741196,1.366152924,1.379843679,1.389050828,1.417015923,1.448430192,1.45922673,1.453415176,1.486263848,1.497457765,1.526185637,1.53654714
demandDE-56,1,1.002459069,1.00204651,1.000228218,1.012934135,1.024928993,1.037872553,1.053520961,1.063667626,1.070834432,1.083004778,1.09501887,1.095866195,1.10741921,1.120101598,1.136116388,1.140327534,1.148239804,1.166006223,1.189261846,1.20235553,1.209144003,1.223992099,1.246784865,1.264574556,1.27389497,1.279885651,1.281029325,1.286145768,1.3008375,1.294501082,1.292099673,1.319479191,1.330194559,1.334005102,1.359542044,1.392012455,1.382137793,1.401415906,1.416836728,1.430842511,1.461280491,1.485874673,1.490309409,1.486065245,1.49994631,1.507975539,1.514845564,1.512452834,1.523262331
demandDE-57,1,0.993402137,1.003487767,1.020835537,1.048644058,1.046277101,1.058121335,1.071218822,1.071953582,1.065568406,1.076795945,1.084193074,1.0993931,1.092766756,1.090858621,1.099674396,1.116469114,1.116101941,1.110004448,1.111890804,1.119992106,1.132151737,1.127875988,1.135995069,1.163291757,1.164223268,1.176271124,1.203846885,1.215742952,1.224432277,1.231756199,1.264985684,1.281019492,1.294398127,1.309763016,1.320278763,1.33115337,1.324849658,1.342678365,1.350366756,1.346015696,1.361663485,1.376876958,1.379006633,1.384763916,1.391235812,1.407741319,1.43438822,1.468454492,1.484456876
demandDE-58,1,1.009563326,1.006971734,1.007254206,1.027047099,1.033806732,1.052272746,1.055892586,1.075825901,1.090311334,1.110771608,1.121748251,1.145504285,1.154090238,1.149931235,1.170090138,1.198607635,1.205893818,1.229270672,1.24402534,1.243775633,1.245630314,1.255918446,1.26979677,1.287779072,1.306076217,1.322885543,1.350343585,1.378876548,1.395837797,1.421755036,1.435744659,1.447394917,1.46437447,1.470777123,1.473545458,1.481662046,1.474018219,1.508364054,1.528017211,1.549905156,1.567745309,1.594205357,1.591185305,1.617381438,1.642400826,1.658701421,1.651488146,1.667268368,1.7003521
demandDE-59,1,1.001656385,1.026198088,1.025285922,1.031877312,1.042403321,1.050823315,1.051783964,1.057894832,1.072102887,1.064198288,1.066212175,1.084981235,1.087719938,1.095776392,1.100177988,1.119709649,1.148136991,1.153378512,1.161444671,1.178215291,1.195296913,1.212510233,1.219005626,1.242204096,1.272180498,1.272196786,1.276041366,1.280596915,1.29486528,1.312917062,1.323617586,1.320124017,1.335704221,1.353584773,1.358481951,1.383386134,1.395281597,1.405939961,1.412000918,1.422522532,1.450289732,1.467102354,1.492798202,1.506545278,1.524430538,1.555019158,1.561511531,1.576259035,1.595193832
demandDE-60,1,1.01435012,1.021842606,1.022148995,1.029034813,1.040925356,1.04595691,1.061541572,1.082089696,1.082670194,1.091547213,1.117082588,1.135195439,1.145825277,1.156876793,1.172244088,1.169295495,1.194509697,1.227377157,1.228239981,1.250276755,1.240435408,1.255289752,1.280060749,1.272134778,1.29566904,1.313550071,1.306155184,1.307676626,1.313701966,1.323501222,1.331651946,1.353448511,1.360793649,1.364072386,1.368866586,1.367978964,1.381519144,1.413491995,1.444346559,1.455873197,1.458350101,1.476580125,1.485536259,1.513471209,1.529197982,1.560967789,1.559916525,1.582614218,1.602393377
demandDE-61,1,1.019306367,1.031003741,1.043279616,1.042694184,1.052451987,1.049754402,1.072214623,1.080328955,1.086125301,1.084661703,1.101558367,1.100420783,1.117610741,1.125505473,1.132682289,1.141921431,1.166849593,1.174203381,1.204652807,1.217301255,1.225019682,1.256209198,1.278821086,1.30179672,1.316858407,1.343153812,1.362271856,1.389207722,1.395039532,1.420635059,1.430044278,1.439442147,1.434197439,1.456049547,1.479033238,1.502110852,1.504583943,1.545261147,1.548578334,1.561993795,1.574798643,1.611800154,1.60893919,1.628716889,1.654446307,1.681650499,1.680886571,1.70674085,1.713298844
demandDE-62,1,1.001431973,1.011421643,1.018489,1.047134178,1.060854017,1.064648327,1.077921479,1.083025466,1.094998393,1.08771188,1.101516324,1.111412851,1.114820751,1.134260539,1.157310774,1.165750378,1.172383708,1.198334916,1.210875179,1.234220089,1.259852811,1.289633407,1.294570753,1.328038182,1.34326045,1.367720163,1.390487404,1.411610142,1.424943857,1.43829571,1.458551802,1.463872703,1.505873363,1.530642438,1.544069441,1.545749675,1.565395912,1.572170185,1.576540121,1.587996691,1.580287818,1.608650591,1.610117024,1.624809511,1.625711307,1.652946085,1.666208367,1.688163924,1.71086334
demandDE-63,1,1.002879918,1.014715371,1.021063553,1.029436545,1.032774326,1.061544283,1.072029408,1.071772067,1.089597647,1.106001747,1.116902063,1.133120928,1.153558265,1.183013924,1.188988506,1.204607371,1.215569277,1.225159478,1.235042399,1.235627343,1.25567869,1.250819355,1.27680259,1.289020996,1.29220936,1.325437127,1.330420405,1.344122842,1.343178768,1.340841215,1.359977641,1.379578749,1.409576526,1.416847567,1.433351433,1.463547605,1.477858454,1.502648854,1.541235487,1.563919564,1.603045492,1.609152694,1.623367642,1.644355492,1.659343823,1.689570882,1.698408722,1.698903764,1.728416636
demandDE-64,1,1.01507732,1.023578151,1.032624656,1.035141932,1.038489072,1.055104547,1.053511007,1.076223441,1.072715907,1.066169487,1.065117102,1.076229041,1.079304386,1.098720291,1.115667383,1.123214272,1.135878251,1.141979425,1.142824092,1.157611583,1.168115886,1.175228143,1.179958633,1.18726459,1.202864831,1.203127072,1.20226841,1.203280569,1.215333095,1.236912458,1.263738316,1.27794938,1.292638195,1.321963328,1.332408462,1.362622408,1.378175119,1.399293029,1.43220803,1.458898101,1.473122685,1.488087222,1.523919965,1.551622999,1.581728407,1.589902952,1.600247039,1.606349285,1.624796616
demandDE-65,1,1.016415321,1.033469546,1.037465189,1.053609631,1.060986449,1.082197908,1.08892013,1.099553177,1.106307248,1.113864136,1.138316069,1.168795061,1.175090135,1.178890617,1.19619834,1.220914112,1.238388987,1.244377108,1.257144314,1.25881952,1.272958533,1.280673404,1.286702304,1.310687078,1.338513305,1.351013966,1.362847292,1.375134022,1.382987028,1.395260138,1.399127916,1.415343195,1.425926672,1.427197131,1.437163279,1.440558304,1.452734467,1.468254581,1.472271312,1.510885089,1.511163183,1.499429884,1.501696575,1.544098041,1.571854567,1.59376646,1.609020555,1.627190164,1.627681585
demandDE-66,1,1.007644513,1.01537312,1.019662115,1.026441217,1.04603722,1.055563376,1.068956063,1.084875052,1.100160829,1.116164311,1.139025895,1.149124303,1.169970487,1.186479439,1.191506262,1.221213837,1.239135928,1.234597073,1.244960656,1.260824507,1.279298525,1.281064085,1.304929342,1.313963477,1.326382522,1.334722149,1.344656154,1.350591599,1.356403924,1.366194634,1.359921678,1.391338091,1.39530469,1.405574173,1.440367244,1.473775173,1.470472064,1.477926806,1.480804036,1.476261795,1.497656519,1.516026176,1.525498121,1.544949999,1.556890353,1.576737968,1.620517569,1.61794143,1.627760316
demandDE-67,1,1.004788917,1.007506444,1.021025207,1.028062898,1.037692089,1.046049953,1.041681828,1.042077604,1.055033179,1.063330785,1.07133076,1.086375903,1.094273286,1.093718002,1.093532418,1.106758116,1.108795628,1.115404947,1.140201653,1.14935932,1.147257016,1.171148998,1.195776932,1.199343416,1.218805377,1.231308301,1.236768097,1.248974464,1.276871231,1.278008958,1.298843104,1.315969347,1.312599669,1.319537351,1.341919582,1.376743723,1.391778835,1.391674773,1.390857126,1.39254426,1.421040649,1.429718357,1.443142362,1.476539446,1.495910577,1.52948799,1.527922371,1.519788884,1.519029328
demandDE-68,1,1.013424897,1.018112157,1.0362839,1.035125565,1.04607198,1.054758697,1.067575772,1.070994317,1.087831532,1.098737005,1.116174795,1.11433259,1.109427402,1.117447803,1.113817372,1.126613754,1.134583284,1.126221973,1.144202094,1.176795944,1.190310464,1.203966027,1.230908729,1.24381177,1.268446096,1.281834272,1.297577922,1.324946225,1.34430197,1.375481498,1.390028934,1.400583852,1.434935776,1.463351928,1.486250525,1.478028487,1.471634776,1.473753644,1.481766977,1.512946976,1.519033115,1.539889829,1.529658561,1.528969954,1.550941888,1.570959101,1.584202395,1.590642178,1.629212198
demandDE-69,1,1.008477906,1.024064395,1.035532108,1.047285323,1.063611608,1.067554988,1.074377557,1.072723302,1.091037397,1.095965404,1.092327823,1.089678074,1.116663453,1.135764908,1.160443339,1.165838646,1.187472461,1.189677594,1.187723514,1.189672433,1.183713753,1.201155504,1.195076261,1.205576453,1.202891699,1.221923096,1.231488607,1.228013636,1.251801125,1.269283794,1.267002157,1.280870044,1.29263924,1.322625117,1.322161942,1.322015886,1.357255593,1.352446925,1.36619303,1.397738885,1.415471593,1.421372223,1.438011433,1.443312602,1.457446271,1.474282236,1.496571609,1.510981059,1.526599843
demandDE-70,1,1.022894322,1.029552923,1.03768148,1.034968457,1.04786691,1.05186535,1.050791396,1.074717126,1.084309845,1.08986074,1.092603432,1.096098879,1.108427277,1.124033663,1.123414615,1.134956391,1.153869558,1.167850329,1.182294833,1.185803714,1.214723149,1.222900691,1.228815337,1.243587374,1.276103408,1.296560852,1.316853572,1.316755927,1.328334325,1.35570998,1.351135846,1.379103902,1.388798307,1.394918383,1.424042005,1.413446066,1.446258031,1.459063659,1.47081377,1.459481106,1.464669384,1.462405549,1.467094958,1.48362841,1.492686108,1.492719012,1.4894682,1.486676121,1.48661992
demandDE-71,1,1.010119186,1.014582219,1.021983714,1.046527242,1.040555113,1.046710104,1.063005071,1.065406948,1.063373398,1.063138108,1.078686455,1.083693621,1.096877806,1.109940466,1.123404534,1.124127758,1.119479088,1.115255883,1.109352874,1.121398507,1.138871318,1.146401837,1.161667862,1.162372466,1.169541795,1.182428677,1.186159618,1.181747372,1.202989913,1.210556576,1.226302509,1.228728198,1.240048507,1.258387124,1.259501184,1.254713871,1.26209341,1.28040998,1.306040451,1.319227301,1.340906955,1.347945825,1.357176419,1.375004042,1.38408515,1.418210664,1.412229909,1.434703879,1.440864891
demandDE-72,1,1.022843905,1.026582187,1.034113973,1.040820751,1.040042393,1.062890571,1.074180704,1.068313339,1.082512279,1.091122338,1.108978808,1.137860634,1.165846174,1.196790761,1.200997082,1.217035368,1.224921581,1.253196145,1.274247669,1.287938501,1.286466949,1.289222557,1.293502563,1.33016305,1.354339723,1.359167014,1.382645747,1.397988529,1.416062211,1.436957909,1.439989218,1.466269937,1.468252473,1.498316602,1.516454782,1.533426814,1.53902673,1.563053427,1.561095393,1.573920019,1.610196395,1.602597996,1.64020379,1.638086626,1.682341071,1.710939377,1.738276654,1.773076775,1.793027118
demandDE-73,1,1.001719876,1.020313975,1.03907811,1.066928419,1.078671299,1.079349605,1.09228201,1.098254661,1.097743924,1.110150332,1.117634332,1.129721378,1.128759518,1.143219439,1.154972069,1.160146152,1.186881034,1.201739076,1.207490327,1.200856428,1.217604905,1.229603336,1.232519759,1.233709555,1.226548189,1.234451915,1.245699003,1.255852176,1.272235632,1.282002067,1.288468929,1.302405325,1.315516708,1.31931633,1.314083264,1.343289262,1.352970577,1.367351749,1.388729607,1.406029391,1.422551149,1.432122775,1.44448123,1.450880159,1.491410295,1.491370082,1.47853651,1.49388215,1.500769281
demandDE-74,1,1.012653567,1.037133477,1.065267788,1.074103654,1.082211286,1.075972422,1.086359911,1.096808528,1.104316131,1.136016684,1.163621835,1.176378263,1.172465747,1.19811228,1.210616735,1.213633489,1.221669931,1.231146494,1.228576743,1.23977228,1.250758345,1.244016157,1.275385678,1.287738592,1.302933253,1.326710955,1.327089541,1.325641277,1.341466598,1.353524019,1.353562875,1.369135965,1.394745873,1.409122713,1.433276488,1.449653748,1.474060444,1.489887308,1.484622009,1.507419779,1.542575872,1.572477125,1.565541336,1.589249658,1.608209262,1.644460478,1.645156041,1.643495089,1.648930801
demandDE-75,1,0.999679836,1.004216588,1.007137097,1.02694282,1.027066318,1.041120562,1.04598726,1.04823527,1.067520791,1.078014357,1.091597791,1.094712834,1.119896231,1.126745163,1.148101573,1.157975756,1.161121017,1.170735365,1.188376501,1.203961475,1.22183966,1.225436412,1.239232124,1.257039981,1.2692278,1.299547038,1.329852545,1.325080212,1.336234847,1.3506171,1.341694087,1.358261123,1.373559797,1.385713823,1.397816684,1.401903354,1.430695553,1.435877443,1.444155424,1.481052149,1.486920019,1.494047631,1.509738435,1.525205151,1.552190594,1.570189885,1.610953565,1.631223612,1.662167675
demandDE-76,1,1.014115144,1.008317412,1.02171339,1.023418211,1.032750876,1.041526808,1.054442178,1.060766869,1.059838335,1.073585607,1.095704314,1.114192416,1.132562616,1.140492183,1.157401633,1.181786411,1.203418374,1.204269996,1.214183294,1.229912245,1.235776576,1.249307716,1.257891567,1.259558293,1.260730338,1.268340448,1.285510873,1.306921989,1.308553357,1.308713027,1.340845196,1.369932025,1.389540896,1.393599502,1.419013195,1.425922706,1.425601846,1.452862854,1.454834256,1.492068017,1.51500289,1.514970409,1.532450137,1.550945047,1.558847628,1.579103258,1.599195328,1.61048972,1.645938718
demandDE-77,1,1.014647045,1.03013898,1.050147604,1.072182398,1.075819647,1.093999008,1.108187031,1.113199276,1.116109403,1.138021393,1.149955841,1.164282632,1.165636168,1.181706783,1.183267459,1.216116478,1.234529622,1.26127711,1.265097125,1.286494938,1.310485033,1.317177923,1.331985189,1.328293507,1.33249064,1.359637717,1.359252459,1.37420143,1.377712797,1.386595778,1.380483214,1.370627807,1.38112814,1.394366711,1.391554471,1.387011059,1.388007366,1.405275679,1.423683486,1.437428567,1.456317552,1.470937508,1.498968697,1.522637806,1.546588273,1.548910206,1.578057843,1.606820181,1.618552005
demandDE-78,1,1.011555853,1.021210322,1.02370534,1.051268914,1.055923311,1.067521731,1.075363082,1.084995753,1.097146144,1.097854725,1.107330887,1.118763351,1.144487768,1.154720939,1.155014614,1.169882908,1.181140165,1.179351301,1.174571741,1.174047482,1.185283466,1.204281199,1.210367584,1.231069974,1.231949767,1.23644416,1.249623651,1.264927678,1.264575779,1.284327409,1.288574527,1.316566628,1.344075097,1.357894446,1.360654447,1.382903333,1.403064421,1.437680582,1.448608907,1.479252517,1.47605037,1.48070059,1.48749577,1.480564664,1.500377105,1.517939079,1.519374412,1.533677164,1.544004862
demandDE-79,1,1.00581593,1.010120915,1.019884863,1.028644346,1.040563797,1.048956576,1.054056002,1.070819923,1.091469154,1.105957592,1.12916697,1.13458274,1.157908804,1.155712584,1.15701244,1.16487682,1.184177908,1.200228807,1.201460139,1.203382823,1.196318782,1.216809216,1.242938317,1.268009507,1.289225022,1.31550318,1.318304704,1.345341342,1.370495751,1.37953464,1.387686596,1.398662328,1.39310988,1.396363758,1.405109375,1.403127314,1.407492209,1.407707861,1.40876651,1.419695769,1.427133674,1.453289843,1.489207633,1.49257316,1.496970575,1.527267157,1.536021917,1.557496959,1.586947455
demandDE-80,1,0.999697038,0.995940947,1.005815045,1.021205647,1.039561152,1.042049772,1.037959478,1.047121105,1.054582283,1.057669849,1.062208946,1.07376617,1.084747007,1.110129705,1.127678872,1.147794869,1.164526526,1.170807043,1.181383321,1.194435613,1.197853523,1.21414379,1.226756146,1.245855465,1.26037986,1.277305614,1.285356849,1.305028996,1.324200219,1.327079733,1.332561103,1.362504732,1.375804988,1.390828257,1.403755951,1.426268147,1.429207617,1.427104641,1.454343286,1.459852705,1.481890431,1.493757569,1.503403095,1.517594196,1.513713297,1.52886389,1.543658112,1.570802664,1.57313085
demandDE-81,1,1.01993742,1.025532664,1.045563465,1.0506186,1.067548419,1.076532716,1.093005912,1.103992105,1.10105231,1.104719993,1.099561765,1.101548199,1.116057265,1.130283259,1.134484136,1.142343285,1.15893938,1.169386632,1.171521365,1.170306641,1.178340638,1.206398259,1.224314648,1.227466385,1.246709511,1.265531618,1.268138903,1.268968781,1.28255775,1.318247094,1.321802421,1.332554704,1.333257944,1.345687216,1.357341282,1.361174801,1.370914777,1.372992646,1.373702322,1.400001513,1.394433664,1.388004042,1.4085556,1.408446485,1.421788299,1.438801297,1.440908819,1.455811372,1.477024832
demandDE-82,1,1.022749979,1.026365547,1.032517438,1.026940051,1.032716454,1.04716398,1.057641881,1.064587455,1.088377031,1.089571634,1.100809153,1.096593747,1.099578578,1.125553487,1.142114799,1.15262599,1.15754101,1.158135583,1.157844313,1.147947354,1.15589893,1.164671683,1.175589842,1.191622788,1.197634878,1.213100936,1.220422226,1.247834168,1.245996647,1.241575357,1.253961179,1.271474115,1.28317837,1.288984006,1.288688237,1.29131023,1.325490366,1.354357701,1.381799443,1.385762542,1.385117204,1.386039099,1.422792412,1.435602345,1.446198637,1.486025889,1.483148585,1.501471747,1.539365991
demandDE-83,1,1.006521344,1.010970719,1.035504249,1.036099559,1.051197604,1.058375045,1.068290456,1.078533035,1.087300258,1.088735237,1.102465284,1.112660285,1.141870005,1.148130103,1.148410823,1.151941475,1.160991524,1.165512608,1.174940482,1.179349813,1.200752607,1.205610228,1.228868522,1.242466816,1.260216129,1.281039906,1.315514012,1.337964105,1.35148215,1.369824261,1.383333373,1.397369532,1.418558702,1.419651819,1.454343708,1.471127858,1.48071617,1.487777309,1.508497016,1.511381096,1.516022732,1.523312938,1.543711585,1.562851005,1.563353313,1.597962589,1.614976308,1.627619776,1.616252564
demandDE-84,1,1.008476358,1.009172947,1.017984368,1.019557266,1.038493559,1.060243442,1.06250183,1.087585458,1.101448219,1.10801184,1.115706366,1.1234367,1.125806838,1.140742803,1.150194672,1.153127421,1.168508695,1.164086597,1.17163001,1.162378438,1.183644859,1.192763043,1.19534167,1.206059869,1.202002578,1.205012096,1.198772062,1.201762566,1.200886837,1.220811655,1.218018023,1.227840294,1.231443238,1.25804482,1.257490813,1.27596976,1.307974561,1.336931861,1.367385392,1.375338162,1.389658611,1.405201125,1.427730333,1.452157187,1.478162012,1.489709284,1.5021298,1.514442352,1.520305512
demandDE-85,1,1.019395764,1.023959406,1.029737438,1.056106856,1.066663316,1.069099519,1.096569847,1.113713606,1.124101063,1.12543703,1.120507437,1.144205383,1.144037479,1.162847249,1.158730885,1.174340103,1.182167909,1.208255973,1.229515671,1.231476152,1.23793982,1.247158786,1.242862102,1.256426773,1.283812307,1.294085076,1.2941204,1.301497439,1.300494594,1.310378539,1.309109563,1.312473124,1.337981477,1.348590795,1.33745283,1.349355632,1.367310554,1.378576504,1.38173309,1.39289387,1.39729527,1.405983099,1.400816229,1.413825645,1.419449577,1.442389621,1.467112937,1.46067284,1.474473901
demandDE-86,1,0.997738406,0.993132987,0.992431944,0.994914175,0.999752331,1.011685463,1.023844666,1.029269508,1.049431645,1.061396013,1.059816882,1.087851015,1.083952992,1.115285173,1.132401902,1.129135698,1.131795273,1.153170097,1.159282176,1.181660257,1.203538781,1.218972734,1.228834174,1.22110926,1.254582867,1.288411947,1.291288773,1.295482795,1.30303036,1.322797639,1.34979981,1.366403973,1.379754049,1.412399786,1.415457094,1.442218393,1.444954198,1.452847256,1.483283172,1.490957759,1.494540028,1.512243144,1.503218597,1.50932525,1.52456164,1.538699391,1.555768494,1.569597981,1.582733859
demandDE-87,1,1.003788796,1.007737683,1.017398679,1.021241498,1.038857193,1.054906068,1.052897521,1.065206721,1.07538492,1.093943975,1.114539493,1.121411609,1.126954874,1.133788064,1.14580514,1.14699576,1.148491621,1.160265991,1.176867612,1.201041677,1.215509208,1.220582326,1.229713445,1.2443923,1.254277349,1.281045581,1.282059402,1.28704675,1.292608106,1.298822157,1.302337212,1.301321494,1.323499322,1.330770161,1.339008303,1.332951017,1.34487287,1.361521094,1.353413334,1.375539545,1.389765936,1.407788719,1.422183226,1.452916224,1.457340072,1.474431608,1.499180244,1.513239791,1.508412666
demandDE-88,1,1.014988354,1.025079358,1.033456516,1.050776742,1.064557523,1.076788768,1.086559983,1.088039418,1.101574436,1.105006796,1.105625757,1.107885757,1.119469538,1.135748346,1.142300981,1.164694152,1.177405564,1.186056773,1.202678304,1.214323116,1.215781782,1.22635763,1.250171265,1.257602338,1.269277841,1.270899882,1.291084253,1.309677647,1.317045104,1.312692663,1.32962684,1.341860659,1.36891942,1.384488449,1.392721866,1.422552317,1.449391404,1.45850299,1.447284409,1.472805336,1.513004093,1.527868675,1.532041525,1.526817308,1.554000575,1.562961998,1.587557219,1.613178949,1.598651372
demandDE-89,1,1.002054808,0.995825297,1.009629983,1.014980711,1.030374068,1.050681839,1.060787418,1.056284649,1.067361028,1.079844361,1.083403724,1.08772485,1.108025961,1.116193589,1.1436956,1.144729395,1.160721462,1.17445711,1.206147516,1.214077523,1.222289582,1.233105706,1.246646266,1.274259365,1.29248166,1.284774457,1.290650008,1.302558725,1.327514784,1.330898594,1.347246797,1.368270288,1.380115087,1.40522926,1.409625606,1.436039391,1.470039071,1.487838493,1.499701064,1.510328259,1.529727722,1.533038241,1.56477716,1.56521467,1.593065884,1.61009009,1.648085856,1.636065539,1.665782776
demandDE-90,1,0.998562087,1.009436295,1.023705539,1.038835727,1.060982527,1.078377464,1.094975101,1.109409813,1.119710253,1.140210038,1.162645845,1.171772812,1.194170701,1.201810518,1.204449032,1.199706427,1.213468823,1.220406581,1.24012231,1.248817116,1.268874959,1.294225647,1.314329223,1.330688764,1.326533852,1.331048828,1.347946188,1.348502738,1.359269415,1.384764392,1.389425543,1.390477686,1.398576874,1.434209251,1.465303653,1.464786939,1.465945168,1.494058736,1.509298186,1.534448151,1.552382771,1.574765431,1.586468631,1.618146432,1.637322503,1.674952123,1.708368824,1.744852449,1.730691839
demandDE-91,1,1.014509015,1.033632643,1.032566331,1.051534714,1.054252298,1.065490543,1.089407095,1.094113809,1.100184266,1.108040677,1.126773011,1.119928498,1.129754414,1.124649612,1.11972181,1.116056756,1.139304859,1.149700397,1.167608371,1.169140127,1.194542807,1.207026607,1.202958643,1.206718736,1.234753093,1.255672658,1.251370381,1.27423411,1.290071765,1.30803645,1.329773557,1.346699616,1.362921237,1.364493408,1.372389561,1.392785822,1.400411235,1.410198661,1.419868931,1.430557833,1.44802647,1.469202971,1.494554407,1.489275309,1.495693673,1.524951236,1.53743623,1.561211588,1.599047129
demandDE-92,1,1.015590456,1.025617084,1.035324888,1.05720971,1.06697996,1.064056859,1.086674449,1.112236586,1.135598263,1.147203796,1.155845692,1.171867088,1.179210621,1.193033614,1.191817897,1.219089743,1.225454779,1.227034159,1.237809553,1.238925421,1.255360621,1.285866767,1.28835177,1.306153562,1.310215184,1.328972307,1.326434028,1.335366469,1.343484148,1.346151583,1.364998978,1.371605302,1.391787929,1.413954541,1.411647483,1.44091527,1.464109011,1.505177877,1.518939408,1.510625511,1.516893727,1.547859903,1.557888009,1.563467834,1.587304384,1.600663114,1.621258113,1.65065642,1.667896066
demandDE-93,1,1.007039207,1.024599397,1.032877877,1.033418724,1.032155848,1.033750552,1.049818409,1.057617869,1.060272205,1.072368834,1.081745386,1.094903395,1.12292491,1.137030971,1.143273988,1.161976337,1.191322237,1.203240029,1.202216273,1.206132233,1.235127422,1.251811193,1.272912552,1.283532488,1.293691873,1.309495959,1.308832476,1.303396464,1.307009906,1.331569669,1.33600588,1.340691327,1.348436587,1.355317453,1.368375015,1.38291728,1.417002063,1.448731679,1.454649867,1.488060508,1.511850189,1.514844129,1.535583158,1.568679874,1.586995679,1.593811124,1.588118033,1.601504378,1.639675269
demandDE-94,1,1.010442256,1.030862233,1.028375029,1.031630064,1.046916512,1.05957855,1.079389304,1.108242561,1.109707315,1.127340335,1.14839593,1.159926438,1.17043864,1.191659919,1.206648748,1.226153538,1.23890064,1.232688532,1.234498493,1.246061331,1.277429943,1.279996333,1.308619903,1.32819249,1.347098816,1.374875179,1.384494215,1.389570453,1.400143484,1.39521661,1.414080643,1.42535129,1.438971302,1.463761791,1.457448286,1.485696586,1.50919139,1.540590641,1.551964934,1.563103647,1.589519717,1.616474957,1.649527858,1.674048526,1.682676119,1.721901295,1.728178808,1.758258483,1.781836197
demandDE-95,1,1.010455253,1.019769873,1.032961273,1.043138078,1.04408425,1.054532466,1.077625427,1.086568221,1.093976584,1.104180855,1.127350012,1.126603305,1.134137907,1.14657806,1.172972768,1.188690841,1.187359317,1.19265842,1.18797626,1.202484261,1.215025133,1.225797415,1.236367961,1.251825169,1.272860186,1.292419767,1.289459599,1.301059144,1.304501532,1.314165681,1.325020092,1.335934975,1.369004346,1.365928936,1.373539044,1.384504132,1.394730738,1.403977069,1.419153805,1.44567032,1.461342196,1.475591663,1.504558597,1.526425823,1.528387342,1.546561597,1.575150558,1.589822046,1.588462483
demandDE-96,1,1.009173824,1.016669069,1.03291461,1.041735096,1.045411347,1.070041044,1.088303791,1.092428969,1.116863994,1.114134511,1.12091761,1.145424247,1.161836426,1.17069044,1.183188641,1.184253545,1.190297326,1.201379505,1.216440494,1.239561459,1.249797064,1.252022972,1.268447628,1.279686015,1.29010955,1.313431493,1.321931445,1.329314322,1.339158549,1.366539221,1.377891826,1.388061579,1.41054564,1.416881809,1.440498109,1.448849267,1.485749751,1.483503811,1.518841339,1.519105523,1.53237556,1.56872686,1.584459501,1.60575575,1.603784665,1.644900805,1.638202525,1.654057853,1.655574208
demandDE-97,1,1.018397206,1.035871034,1.062798879,1.077201557,1.085981195,1.113514096,1.127312537,1.140396117,1.143171557,1.144672268,1.154159796,1.166364681,1.172505128,1.179345856,1.193328129,1.191691959,1.196462138,1.217734387,1.238322219,1.244764641,1.263125641,1.27735099,1.299246394,1.308022278,1.323196637,1.337819173,1.358954449,1.372831316,1.395990599,1.394191934,1.404595687,1.410593768,1.418613315,1.443066173,1.459712802,1.463907733,1.488809527,1.517420434,1.530269221,1.525750117,1.51475593,1.545153116,1.570370687,1.600378944,1.605549263,1.629634726,1.620131217,1.620252228,1.645627505
demandDE-98,1,1.009068705,1.018742647,1.028872076,1.035048764,1.058284231,1.073378169,1.082942826,1.103363962,1.116554484,1.143605708,1.157688284,1.175520942,1.187108363,1.179519327,1.175682183,1.18070201,1.197925694,1.211479082,1.22889344,1.256090346,1.28455841,1.287216455,1.299122216,1.325204085,1.330881745,1.34321677,1.353280228,1.374026436,1.375096708,1.37590679,1.377844686,1.397378465,1.403622539,1.444110717,1.465720827,1.489882855,1.493880226,1.517850042,1.535532893,1.566518779,1.605913055,1.623096895,1.637257946,1.660350177,1.662127146,1.67860237,1.708853057,1.733509445,1.76525905
demandDE-99,1,1.009697121,1.015859538,1.038163649,1.065471316,1.071134973,1.087239937,1.092851374,1.115054779,1.126702789,1.137349107,1.155471308,1.180902122,1.191926951,1.20290656,1.21999775,1.23631082,1.233865356,1.235024352,1.251577072,1.28155773,1.297840723,1.312200089,1.339590638,1.348535085,1.369409379,1.382631769,1.380276454,1.402699879,1.412066298,1.440454101,1.460713797,1.4775392,1.477840413,1.484650624,1.494965538,1.519855915,1.545667038,1.562223813,1.591701069,1.585819002,1.606598276,1.633057083,1.642880143,1.67362361,1.688807224,1.709234647,1.706705059,1.712346845,1.706120798
demandDE-100,1,1.007224985,1.002647574,1.013270555,1.023387788,1.041479453,1.058943529,1.081526963,1.103353097,1.093421075,1.104535435,1.128565277,1.128595361,1.124152725,1.14335249,1.154606382,1.164289369,1.168936134,1.181365098,1.204361167,1.217413911,1.228973858,1.241549495,1.258437261,1.271687624,1.282993849,1.304903026,1.323992528,1.351410978,1.376813589,1.399838326,1.413636702,1.420996149,1.44042403,1.452671313,1.478970527,1.503769741,1.517649799,1.532431417,1.566722596,1.601847159,1.630847974,1.640037025,1.679092332,1.694955429,1.708810616,1.732963073,1.72224866,1.743024793,1.754370721
demandDE-101,1,1.024680607,1.042977724,1.051699349,1.058748436,1.07847067,1.097271411,1.110927271,1.11373731,1.122978013,1.148224044,1.152518279,1.171052087,1.201684464,1.218367347,1.24446562,1.262690204,1.268101131,1.292100028,1.305294267,1.318696557,1.351463973,1.375642437,1.393363515,1.407750942,1.412489429,1.425461709,1.45474009,1.469713101,1.486061285,1.505893181,1.540298324,1.546195362,1.576598757,1.58186631,1.613524027,1.604030423,1.621756604,1.63391665,1.635301725,1.663910072,1.690398534,1.713760448,1.718202852,1.724805889,1.770343356,1.787632356,1.812298894,1.823761259,1.830948991
demandDE-102,1,1.014360982,1.019611723,1.037996893,1.056270051,1.067984174,1.071417411,1.083355499,1.09271307,1.102194112,1.100929854,1.099992876,1.112658677,1.142037724,1.147581406,1.142237289,1.158190245,1.166551016,1.16098362,1.165405146,1.181267108,1.192529565,1.227385643,1.249466341,1.275143266,1.306262196,1.320884696,1.343687189,1.344977655,1.346586425,1.344267275,1.362135883,1.372672185,1.391077002,1.422004675,1.446074558,1.452948019,1.464287001,1.487717738,1.475813029,1.498114159,1.53476043,1.55208043,1.571325242,1.574779334,1.589005749,1.598308683,1.597815482,1.618973321,1.659840589
demandDE-103,1,0.998362083,1.022325543,1.022031861,1.03377161,1.028598865,1.039840447,1.067481099,1.071457106,1.08481107,1.098867685,1.103341621,1.115759779,1.13220089,1.141059367,1.164216356,1.172536905,1.189355747,1.213766392,1.230922466,1.243859454,1.270091063,1.28809263,1.302928269,1.323558429,1.322060229,1.331642159,1.34150544,1.349320544,1.367643075,1.387870233,1.406376909,1.402072906,1.427126794,1.461611537,1.486284362,1.521494746,1.546547122,1.563541823,1.579180083,1.599795361,1.632945777,1.667134149,1.687475056,1.697969606,1.711966163,1.707033074,1.708730373,1.749733098,1.769185182
demandDE-104,1,1.023076275,1.022374711,1.043196727,1.051569727,1.06343049,1.07140651,1.07129855,1.078575338,1.08139281,1.095447352,1.115587145,1.12292507,1.132516951,1.143196791,1.17170497,1.175893454,1.197667081,1.210558451,1.226219986,1.233174464,1.229342388,1.243412686,1.251291177,1.246860739,1.249190183,1.253550403,1.259102937,1.271321559,1.288791448,1.3032373,1.320573493,1.330066271,1.328411192,1.340927636,1.371425418,1.377303851,1.392023557,1.42269231,1.426684699,1.444147357,1.473642569,1.508089613,1.530024934,1.534312297,1.56876437,1.581813195,1.604158709,1.615669045,1.647986334
demandDE-105,1,1.00597073,1.014379526,1.032897753,1.056115557,1.08293734,1.103312162,1.114373731,1.131586485,1.146896215,1.160137206,1.155573493,1.175722466,1.189120563,1.194063288,1.223878393,1.253311415,1.252397499,1.274331465,1.278400575,1.281093386,1.291663398,1.301121693,1.294734454,1.300031148,1.327462793,1.357938256,1.362991973,1.388138715,1.423545587,1.429715566,1.439654881,1.442968584,1.461908071,1.485158965,1.497041358,1.501309804,1.51111468,1.526029085,1.535269378,1.555961466,1.551246274,1.571488783,1.563433786,1.569944007,1.571556141,1.574853364,1.581586232,1.592952489,1.621355454
demandDE-106,1,0.995215237,1.005249003,1.00818826,1.0179796,1.036636698,1.057753457,1.071875476,1.062513923,1.070304255,1.069884495,1.094731484,1.110162937,1.117506445,1.12141159,1.118957846,1.10976167,1.137178225,1.161860323,1.178457408,1.202143188,1.19976402,1.210658811,1.220080011,1.249194435,1.257014114,1.268860033,1.272929397,1.296832072,1.309008782,1.320810683,1.336319897,1.345438592,1.373796112,1.398795733,1.418330304,1.413092541,1.431953845,1.43365594,1.446848977,1.456521249,1.471987593,1.48346077,1.500249168,1.502624411,1.498607491,1.519113931,1.54377799,1.55157349,1.559063046
demandDE-107,1,1.006905071,1.000615189,1.012878034,1.016266616,1.011373984,1.023891742,1.020028454,1.027396194,1.043172583,1.054594495,1.061437686,1.073781901,1.071518906,1.079311759,1.102470934,1.095243101,1.102267915,1.100325643,1.094422244,1.108998945,1.130608891,1.127438844,1.12501785,1.140712884,1.157324196,1.158175908,1.168494025,1.167436702,1.192030141,1.209788419,1.211888782,1.214393254,1.230960456,1.260067166,1.273978776,1.286924068,1.290666166,1.304515344,1.330651894,1.338898821,1.357889686,1.362521686,1.401193867,1.412307804,1.405786526,1.419900421,1.459458053,1.474564693,1.493236908
demandDE-108,1,1.016571013,1.025561115,1.025345919,1.025730453,1.020564191,1.028917319,1.04536128,1.045978231,1.057085978,1.061282805,1.072083686,1.072759587,1.096652524,1.113241056,1.136887616,1.165841426,1.18711109,1.19638594,1.203296643,1.209158059,1.233060534,1.245456683,1.274262307,1.285742302,1.293284605,1.318148116,1.336328944,1.365652641,1.371962822,1.384746895,1.3772974,1.408592671,1.406568907,1.440524417,1.452507244,1.460272718,1.473624128,1.486585018,1.48654991,1.508704897,1.53330818,1.562307524,1.576431347,1.581142249,1.606613567,1.633082561,1.671585734,1.68519732,1.699860476
demandDE-109,1,1.00711793,1.014040457,1.032615958,1.042942198,1.049127536,1.062058823,1.068482656,1.097212618,1.103488048,1.129921178,1.120570586,1.137112537,1.137845551,1.145007442,1.142942919,1.154579246,1.164795991,1.185145574,1.176892265,1.183680729,1.192961794,1.183646363,1.197562996,1.198451359,1.20245745,1.220226505,1.234048579,1.235556108,1.239472424,1.265487897,1.266124118,1.287098053,1.308383461,1.316394938,1.31249197,1.321341557,1.31455452,1.326150093,1.353171172,1.358132621,1.365655208,1.399324533,1.414288618,1.42271095,1.433779683,1.447400447,1.449530022,1.47587109,1.490250568
demandDE-110,1,1.00635383,1.007605552,1.011078698,1.019715985,1.040042656,1.040513698,1.055640288,1.074886581,1.088881486,1.086330189,1.100988413,1.10809561,1.11946532,1.136206357,1.155609293,1.15776049,1.162071604,1.170750262,1.182504703,1.200929736,1.228940121,1.232229873,1.238431608,1.246202559,1.272638613,1.271374693,1.296634241,1.304391377,1.318743299,1.321222469,1.328638989,1.362681452,1.378841319,1.398456377,1.414082739,1.435238588,1.446034894,1.481343731,1.491327296,1.503546191,1.503863025,1.512836617,1.543190197,1.532401616,1.540248855,1.55097617,1.586869171,1.596773444,1.637760098
demandDE-111,1,1.001711519,1.012147216,1.009938194,1.012327245,1.01480639,1.032482098,1.057442019,1.080106833,1.101024407,1.118378591,1.110532317,1.12400278,1.1320563,1.146932328,1.159660964,1.155731492,1.169136255,1.169169444,1.16652037,1.17500527,1.182887895,1.193196752,1.213359694,1.213311441,1.229947618,1.24802322,1.260838519,1.274448821,1.277221896,1.297167133,1.290315,1.286405128,1.286365473,1.311072996,1.329435378,1.345978011,1.369249892,1.404258927,1.416165122,1.423762105,1.444829065,1.467936473,1.484688669,1.488541103,1.521813675,1.555399325,1.593343466,1.614840227,1.619705988
demandDE-112,1,1.018946233,1.025288221,1.029110401,1.036528728,1.037743913,1.035115962,1.059980483,1.055842048,1.08286036,1.088149475,1.114411055,1.120178667,1.134482334,1.148410929,1.16808561,1.179636744,1.17131397,1.201538717,1.215050558,1.225759051,1.232060088,1.239917278,1.268583363,1.27563223,1.290766287,1.29545396,1.324059856,1.323831084,1.334295828,1.349317351,1.365426159,1.38066855,1.391647108,1.413489426,1.419692591,1.433519209,1.441887161,1.454227544,1.463730511,1.481402116,1.492642296,1.505673106,1.500904652,1.529466714,1.547779666,1.590622681,1.599962329,1.610246469,1.609897867
demandDE-113,1,1.01237853,1.035985477,1.053793485,1.067118768,1.070329293,1.078807448,1.076161448,1.09743027,1.126902442,1.141792535,1.150991664,1.166564407,1.160991541,1.172289291,1.180939063,1.203262211,1.214622158,1.208465202,1.229840178,1.240444447,1.258583839,1.275548481,1.285686473,1.312334502,1.324494853,1.331243648,1.337616286,1.341729981,1.360152814,1.377586837,1.415324729,1.439641483,1.443593741,1.45565362,1.455533018,1.468026041,1.495929353,1.520747141,1.522414207,1.558836046,1.57923353,1.587421274,1.59529775,1.585895981,1.616857067,1.651023069,1.648711846,1.672363352,1.673101019
demandDE-114,1,0.996157907,1.006955741,1.026356935,1.04914455,1.060657835,1.068898869,1.07270367,1.063670595,1.062687929,1.076164803,1.099068742,1.117947548,1.131699161,1.137762652,1.14854094,1.173632149,1.182215359,1.212518102,1.231182532,1.246885003,1.263083667,1.285836689,1.29207654,1.290054552,1.305127574,1.318394959,1.333446532,1.353832526,1.349464984,1.37742335,1.407516843,1.413737328,1.43750932,1.456531729,1.454337384,1.460625645,1.473104152,1.471720032,1.465899548,1.475959388,1.480658885,1.475550008,1.509134827,1.509397785,1.510333671,1.541909538,1.54830964,1.558335135,1.598023927
demandDE-115,1,0.995727174,1.00298299,1.000243829,1.019586152,1.01116137,1.038191711,1.04778664,1.069300757,1.069694324,1.08057523,1.097564376,1.1072189,1.113940418,1.143829526,1.156038529,1.169690591,1.186550443,1.194148049,1.201095802,1.224489684,1.241787413,1.236746218,1.250658964,1.271226233,1.277565813,1.295173103,1.30140936,1.302040165,1.313167091,1.313282556,1.310004723,1.34215599,1.363432404,1.387383994,1.392116394,1.409912146,1.428179706,1.436735601,1.459896089,1.482756869,1.486100112,1.503244761,1.498127737,1.503601232,1.527823603,1.546025771,1.563751476,1.573834141,1.598080493
demandDE-116,1,1.006213296,1.018133891,1.012730936,1.036141185,1.030461137,1.03585299,1.04039187,1.052840512,1.082474683,1.087589771,1.083516325,1.11030665,1.133086755,1.145100707,1.138097023,1.135454814,1.131272103,1.141593607,1.165575504,1.171034057,1.181368483,1.18915076,1.198642565,1.214312416,1.220208857,1.233870607,1.235296363,1.254331831,1.258828564,1.265727368,1.295639612,1.321381398,1.330482204,1.350573612,1.347091922,1.36601068,1.377579541,1.387664659,1.394133947,1.401972784,1.400683648,1.403384159,1.431546199,1.44798505,1.455127843,1.452395423,1.447844446,1.459783845,1.478877437
demandDE-117,1,1.021650153,1.023772653,1.050767261,1.074837433,1.092668283,1.09819821,1.106972372,1.118896394,1.113461822,1.111984347,1.111729895,1.130306983,1.141723175,1.144479697,1.163167849,1.168254037,1.179856036,1.17233137,1.188585497,1.179212037,1.19924025,1.205903059,1.214029428,1.221008632,1.237081838,1.230044447,1.249534378,1.251623368,1.254508668,1.277974413,1.271682881,1.282103631,1.305427355,1.33060428,1.351065965,1.364406609,1.395365534,1.420692366,1.423057672,1.44805067,1.464607248,1.455519569,1.486963166,1.49711951,1.499521511,1.499230484,1.528921062,1.544030728,1.540284301
demandDE-118,1,1.018050162,1.029896743,1.038053492,1.044978336,1.056204358,1.076526047,1.093502596,1.122032535,1.112044241,1.125304852,1.131114616,1.135633679,1.153016556,1.179388172,1.191009536,1.219577329,1.245638922,1.251464848,1.267948764,1.278040884,1.28376155,1.293428938,1.290282599,1.298366136,1.311508191,1.330495164,1.351306964,1.369197684,1.397388849,1.413251895,1.411355998,1.421599582,1.454792127,1.464159525,1.474215649,1.504392257,1.491087416,1.510345829,1.52459755,1.553725749,1.563097394,1.594749152,1.631893516,1.655518333,1.642696494,1.672513227,1.68164747,1.717634741,1.745262556
demandDE-119,1,1.005969113,1.014413934,1.01296996,1.032318419,1.038098162,1.038482763,1.047688561,1.05747421,1.063253194,1.06627189,1.075197953,1.082283197,1.097061142,1.113197657,1.128634971,1.144985205,1.155632517,1.149212919,1.15356946,1.168263621,1.1873837,1.192365314,1.226555679,1.239106476,1.240587077,1.256189576,1.276278539,1.30607014,1.323466098,1.347542046,1.377905131,1.386006555,1.397142693,1.408696993,1.442126128,1.451055674,1.472096578,1.480227258,1.495042125,1.523815325,1.535668861,1.554971178,1.550765944,1.552347601,1.573487015,1.577713012,1.571979915,1.578933232,1.591042481
demandDE-120,1,1.020864774,1.036270193,1.045358939,1.052256913,1.047941285,1.052997274,1.058522568,1.061318133,1.066656042,1.082286708,1.096441224,1.104738343,1.109588181,1.126234321,1.128899588,1.130591419,1.143733418,1.145015176,1.168614045,1.194448935,1.212658002,1.22515316,1.235324652,1.265594721,1.289797155,1.289331505,1.314077474,1.338395371,1.351094166,1.376319644,1.396847705,1.422534491,1.440242146,1.449792211,1.474375276,1.472365173,1.46468618,1.483772834,1.507284406,1.538835984,1.54169415,1.563526183,1.578700502,1.608713457,1.647995977,1.643497109,1.643471752,1.652675554,1.674360268